Date,Open,High,Low,Close,Volume,Adj. Close
03-01-17,757.92,758.7595,747.7,753.67,3521066,753.67
04-01-17,758.39,759.68,754.2,757.18,2510526,757.18
05-01-17,761.55,782.3999,760.2557,780.45,5830068,780.45
06-01-17,782.36,799.44,778.48,795.99,5986234,795.99
09-01-17,798,801.7742,791.77,796.92,3446109,796.92
10-01-17,796.6,798,789.5434,795.9,2558369,795.9
11-01-17,793.66,799.5,789.51,799.02,2992791,799.02
12-01-17,800.31,814.13,799.5,813.64,4873922,813.64
13-01-17,814.32,821.65,811.4,817.14,3791945,817.14
17-01-17,815.7,816,803.44,809.72,3670529,809.72
18-01-17,809.5,811.73,804.27,807.48,2354201,807.48
19-01-17,810,813.51,807.32,809.04,2540784,809.04
20-01-17,815.28,816.02,806.26,808.33,3376196,808.33
23-01-17,806.8,818.5,805.08,817.88,2797474,817.88
24-01-17,822,823.99,814.5,822.44,2971740,822.44
25-01-17,825.79,837.4183,825.288,836.52,4023078,836.52
26-01-17,835.53,843.84,833,839.15,3586323,839.15
27-01-17,839,839.7,829.44,835.77,2998700,835.77
30-01-17,833,833.5,816.38,830.38,3747336,830.38
31-01-17,823.75,826.99,819.56,823.48,3137196,823.48
01-02-17,829.21,833.78,824.94,832.35,3850181,832.35
02-02-17,836.59,842.49,828.26,839.95,7350492,839.95
03-02-17,806.72,818.3,804,810.2,10868773,810.2
06-02-17,809.8,810.72,803,807.64,3897301,807.64
07-02-17,809.31,816.16,807.5,812.5,3466091,812.5
08-02-17,812.69,821.479,812.5,819.71,2857985,819.71
09-02-17,821.6,825,819.71,821.36,2484948,821.36
10-02-17,823.82,828,822.85,827.46,2429609,827.46
13-02-17,831.62,842.9999,828.55,836.53,4172618,836.53
14-02-17,837,838.31,831.4522,836.39,2792442,836.39
15-02-17,834,842.81,832.82,842.7,2968853,842.7
16-02-17,841.84,845,839.375,844.14,2714667,844.14
17-02-17,842,847.27,840.73,845.07,3112275,845.07
21-02-17,848.84,857.98,847.25,856.44,3507742,856.44
22-02-17,856.95,858.43,852.18,855.61,2616971,855.61
23-02-17,857.57,860.86,848,852.19,3461984,852.19
24-02-17,844.69,845.81,837.7501,845.24,3687963,845.24
27-02-17,842.38,852.5,839.67,848.64,2713627,848.64
28-02-17,851.45,854.09,842.05,845.04,2793709,845.04
01-03-17,853.05,854.83,849.01,853.08,2760083,853.08
02-03-17,853.08,854.82,847.28,848.91,2132098,848.91
03-03-17,847.2,851.985,846.27,849.88,1951575,849.88
06-03-17,845.23,848.49,841.12,846.61,2610370,846.61
07-03-17,845.48,848.46,843.75,846.02,2247554,846.02
08-03-17,848,853.07,846.79,850.5,2288317,850.5
09-03-17,851,856.3999,850.31,853,2048187,853
10-03-17,857,857.35,851.72,852.46,2436434,852.46
13-03-17,851.77,855.69,851.71,854.59,1909672,854.59
14-03-17,853.55,853.75,847.55,852.53,2130586,852.53
15-03-17,854.33,854.45,847.11,852.97,2562176,852.97
16-03-17,855.3,855.5,850.51,853.42,1842296,853.42
17-03-17,853.49,853.83,850.64,852.31,3384403,852.31
20-03-17,851.51,857.8,851.01,856.97,2282727,856.97
21-03-17,858.84,862.795,841.31,843.2,4382852,843.2
22-03-17,840.43,849.37,839.05,848.06,2658669,848.06
23-03-17,848.2,850.89,844.8,847.38,1952964,847.38
24-03-17,851.68,851.8,843.53,845.61,2138269,845.61
27-03-17,838.07,850.3,833.5,846.82,2755775,846.82
28-03-17,851.75,858.46,850.1,856,3041633,856
29-03-17,859.05,876.438,859.02,874.32,4485770,874.32
30-03-17,874.95,877.06,871.66,876.34,2762730,876.34
31-03-17,877,890.35,876.65,886.54,3957612,886.54
03-04-17,888,893.49,885.42,891.51,3422328,891.51
04-04-17,891.5,908.5384,890.28,906.83,4984656,906.83
05-04-17,910.82,923.72,905.62,909.28,7508370,909.28
06-04-17,913.8,917.1899,894.4927,898.28,6344065,898.28
07-04-17,899.65,900.09,889.31,894.88,3707367,894.88
10-04-17,899.63,908.51,899,907.04,3184301,907.04
11-04-17,907.04,911.24,897.5,902.36,3012743,902.36
12-04-17,903.09,904.09,895.2501,896.23,2456140,896.23
13-04-17,891.45,894.97,884.49,884.67,3174583,884.67
17-04-17,887.5,902.38,887.5,901.99,2854673,901.99
18-04-17,900.99,909.61,900.78,903.78,2999238,903.78
19-04-17,907.84,910.5,897.369,899.2,2870242,899.2
20-04-17,899.7,905.32,896.29,902.06,2814441,902.06
21-04-17,902.67,903.65,896.77,898.53,2420494,898.53
24-04-17,908.68,909.99,903.82,907.41,3118123,907.41
25-04-17,907.04,909.48,903,907.62,3367734,907.62
26-04-17,910.3,915.749,907.56,909.29,2562595,909.29
27-04-17,914.39,921.86,912.11,918.76,4255693,918.76
28-04-17,948.83,949.59,924.3335,924.99,7278819,924.99
01-05-17,927.8,954.4,927.8,948.43,5415793,948.43
02-05-17,946.645,950.1,941.413,946.68,3800912,946.68
03-05-17,946,946,935.9,941.03,3544234,941.03
04-05-17,944.75,945,934.215,937.53,2380874,937.53
05-05-17,940.52,940.79,930.3,934.15,2856585,934.15
08-05-17,940.95,949.05,939.21,949.04,3370672,949.04
09-05-17,952.8,957.89,950.2,952.82,3230630,952.82
10-05-17,953.5,953.7499,945,948.95,2083441,948.95
11-05-17,945.11,950.29,940.775,947.62,2135393,947.62
12-05-17,954.5,962.79,951.53,961.35,3605620,961.35
15-05-17,958.73,963.15,956.055,957.97,4245856,957.97
16-05-17,961,970.06,960.91,966.07,3050005,966.07
17-05-17,954.7,960.3957,944.12,944.52,5073254,944.52
18-05-17,944.8,962.75,944.76,958.49,3876816,958.49
19-05-17,962.84,968.92,959.72,959.84,3846299,959.84
22-05-17,964,971.38,962.9,970.7,2613805,970.7
23-05-17,975.02,975.2,966.85,971.54,2395510,971.54
24-05-17,976,981,970.23,980.35,2407995,980.35
25-05-17,984.85,999,982.11,993.38,4737390,993.38
26-05-17,995,998.65,989.2491,995.78,3394090,995.78
30-05-17,996.51,1001.2,995.52,996.7,3245760,996.7
31-05-17,1000,1000.12,982.16,994.62,3912535,994.62
01-06-17,998.59,998.99,991.37,995.95,2384298,995.95
02-06-17,998.99,1008.48,995.67,1006.73,3714954,1006.73
05-06-17,1007.23,1013.21,1003.51,1011.34,2676857,1011.34
06-06-17,1012,1016.5,1001.25,1002.97,3298378,1002.97
07-06-17,1005.95,1010.25,1002,1010.07,2779551,1010.07
08-06-17,1012.06,1013.61,1006.11,1009.94,2724408,1009.94
09-06-17,1012.5,1012.99,927,978.31,7548854,978.31
12-06-17,967,975.95,945,964.83,9393802,964.83
13-06-17,977.99,984.5,966.1,980.79,4533933,980.79
14-06-17,988.59,990.34,966.71,976.47,3943670,976.47
15-06-17,958.7,965.73,950.86,964.17,5202147,964.17
16-06-17,996,999.75,982,987.71,11314754,987.71
19-06-17,1017,1017,989.9,995.17,4967600,995.17
20-06-17,998,1004.88,992.02,992.59,4040990,992.59
21-06-17,998.7,1002.72,992.6518,1002.23,2892563,1002.23
22-06-17,1002.23,1006.96,997.2,1001.3,2221035,1001.3
23-06-17,1002.54,1004.62,998.02,1003.74,2645973,1003.74
26-06-17,1008.5,1009.8,992,993.98,3347195,993.98
27-06-17,990.69,998.8,976,976.78,3735360,976.78
28-06-17,978.55,990.68,969.21,990.33,3708638,990.33
29-06-17,979,987.56,965.25,975.93,4246765,975.93
30-06-17,980.12,983.47,967.61,968,3309138,968
03-07-17,972.79,974.49,951.0001,953.66,2908267,953.66
05-07-17,961.53,975,955.25,971.4,3587645,971.4
06-07-17,964.66,974.4,959.02,965.14,3229378,965.14
07-07-17,969.55,980.11,969.14,978.76,2582645,978.76
10-07-17,985,999.4392,983.5,996.47,3462884,996.47
11-07-17,993,995.99,983.72,994.13,2947479,994.13
12-07-17,1000.65,1008.55,998.1,1006.51,3491988,1006.51
13-07-17,1004.62,1006.88,995.9,999.855,2864533,999.855
14-07-17,1002.4,1004.45,996.89,1001.81,2066362,1001.81
17-07-17,1004.69,1014.75,1003.81,1010.04,3636801,1010.04
18-07-17,1006,1026.03,1004,1024.38,3957892,1024.38
19-07-17,1025,1031.59,1022.5,1026.87,2936902,1026.87
20-07-17,1031.59,1034.97,1022.52,1028.7,2964341,1028.7
21-07-17,1021.28,1026.1,1011,1025.67,2677517,1025.67
24-07-17,1028.34,1043.01,1027.43,1038.95,3212499,1038.95
25-07-17,1038.05,1043.33,1032.48,1039.87,2432328,1039.87
26-07-17,1043.2,1053.2,1043.2,1052.8,2828980,1052.8
27-07-17,1069.55,1083.31,1040.18,1046,9905158,1046
28-07-17,1012.14,1032.85,1001,1020.04,7624498,1020.04
31-07-17,1019.05,1019.05,987.02,987.78,7246638,987.78
01-08-17,996.11,1006.4,991.58,996.19,4421395,996.19
02-08-17,1001.77,1003.21,981.73,995.89,4017780,995.89
03-08-17,999.47,999.5,984.59,986.92,3203134,986.92
04-08-17,989.68,991.672,982,987.58,2704026,987.58
08-08-17,994.35,996.28,985.79,989.84,2847527,989.84
09-08-17,982.6,988,975.27,982.01,3434077,982.01
10-08-17,976.295,979.86,954.68,956.92,5560388,956.92
11-08-17,960,970.39,951.38,967.99,3431423,967.99
14-08-17,978.41,985.5,976.19,983.3,3008007,983.3
15-08-17,988.9,991.74,982,982.74,2513139,982.74
16-08-17,981.65,986.4605,973.22,978.18,3096051,978.18
17-08-17,977.84,977.84,960.32,960.57,3396045,960.57
18-08-17,961.4,965.43,954.65,958.47,3248677,958.47
21-08-17,957.57,961.2,945.46,953.29,3008450,953.29
22-08-17,955.52,967.93,955.495,966.9,2718261,966.9
23-08-17,959.38,962,954.2,958,2590245,958
24-08-17,957.42,959,941.14,952.45,5086748,952.45
25-08-17,956,957.621,944.1,945.26,3292776,945.26
28-08-17,946.54,953,942.25,946.02,2529087,946.02
29-08-17,940,956,936.33,954.06,2853972,954.06
30-08-17,958.44,969.41,956.9062,967.59,2860718,967.59
31-08-17,974.7,981,972.76,980.6,3280945,980.6
01-09-17,984.2,984.5,976.875,978.25,2423132,978.25
05-09-17,975.4,976.7699,960.37,965.27,2875228,965.27
06-09-17,968.32,971.84,960.6,967.8,2106605,967.8
07-09-17,974,980.59,972.55,979.47,2536000,979.47
08-09-17,979.1,979.88,963.47,965.9,2578269,965.9
11-09-17,974.46,981.94,974.22,977.96,2134582,977.96
12-09-17,983.27,984.6718,975.517,982.58,2444699,982.58
13-09-17,983.97,1000,979.42,999.6,3314978,999.6
14-09-17,996.8,998.56,987.74,992.21,3788472,992.21
15-09-17,993.01,996.25,984.03,986.79,3697742,986.79
18-09-17,990.4,992.7922,968.17,974.19,3376772,974.19
19-09-17,977.25,978.24,967.46,969.86,2614059,969.86
20-09-17,971.79,974.81,962.1626,973.21,2727355,973.21
21-09-17,971.31,971.7,962.02,964.65,2252940,964.65
22-09-17,961.01,965.61,954.42,955.1,2602418,955.1
25-09-17,949.31,949.42,932.89,939.79,5065542,939.79
26-09-17,945.49,948.63,931.75,938.6,3464183,938.6
27-09-17,948,955.3,943.3,950.87,3111263,950.87
28-09-17,951.86,959.7,950.101,956.4,2512567,956.4
29-09-17,960.11,964.83,958.375,961.35,2411643,961.35
02-10-17,964,967.305,952.1201,959.19,2415846,959.19
03-10-17,958,963.69,950.37,957.1,2643484,957.1
04-10-17,954.21,967.79,954.05,965.45,2460721,965.45
05-10-17,970,981.51,969.64,980.85,3119487,980.85
06-10-17,975.64,995.75,975.64,989.58,3719840,989.58
09-10-17,993.24,998.5,987.5,990.99,2927994,990.99
10-10-17,996.67,997.95,980.099,987.2,3062820,987.2
11-10-17,991.27,995.5,986.695,995,2310872,995
12-10-17,996.81,1008.44,992.4,1000.93,4056172,1000.93
13-10-17,1007,1007.77,1001.03,1002.94,2399403,1002.94
16-10-17,1008.44,1009.57,1001.04,1006.34,1991556,1006.34
17-10-17,1005.59,1011.47,1004.38,1009.13,2307075,1009.13
18-10-17,1009.27,1022.31,996.55,997,2477357,997
19-10-17,990,991.05,980.24,986.61,3040066,986.61
20-10-17,993.53,994.62,982,982.91,2294145,982.91
23-10-17,986.73,986.775,962.5,966.3,3465469,966.3
24-10-17,969,979.85,965,975.9,2666782,975.9
25-10-17,978,984.44,966.24,972.91,2969295,972.91
26-10-17,980.33,982.9,968.55,972.43,3670282,972.43
27-10-17,1058.14,1105.58,1050.55,1100.95,16360527,1100.95
30-10-17,1095.01,1122.79,1093.56,1110.85,6516639,1110.85
31-10-17,1109,1110.54,1101.12,1105.28,3428461,1105.28
01-11-17,1105.4,1108.97,1096.74,1103.68,3723680,1103.68
02-11-17,1097.81,1101.94,1086.87,1094.22,3658748,1094.22
03-11-17,1091.15,1112.68,1088.52,1111.6,3685172,1111.6
06-11-17,1109.15,1125.41,1108.77,1120.66,3313857,1120.66
07-11-17,1124.74,1130.6,1117.5,1123.17,2623474,1123.17
09-11-17,1125.96,1129.62,1115.77,1129.13,3661411,1129.13
10-11-17,1126.1,1131.75,1124.06,1125.35,2162985,1125.35
13-11-17,1123,1139.9,1122.34,1129.17,2897563,1129.17
14-11-17,1130.11,1138,1123.89,1136.84,3042295,1136.84
15-11-17,1127.01,1131.75,1121.63,1126.69,3897230,1126.69
16-11-17,1130.16,1138.16,1130.05,1137.29,2190456,1137.29
17-11-17,1138.28,1138.8,1125.81,1129.88,2333554,1129.88
20-11-17,1129.77,1133.42,1122.55,1126.31,2134381,1126.31
21-11-17,1132.86,1140,1128.2,1139.49,2449503,1139.49
22-11-17,1141,1160.27,1141,1156.16,3516336,1156.16
24-11-17,1160.7,1186.84,1160.7,1186,3526582,1186
27-11-17,1202.66,1213.41,1191.15,1195.83,6701343,1195.83
28-11-17,1204.88,1205.34,1188.52,1193.6,4463476,1193.6
29-11-17,1194.8,1194.8,1145.19,1161.27,9179567,1161.27
30-11-17,1167.1,1178.57,1160,1176.75,4406535,1176.75
01-12-17,1172.05,1179.65,1152,1162.35,4070722,1162.35
04-12-17,1173.85,1175.2,1128,1133.95,5872358,1133.95
05-12-17,1128.26,1159.27,1124.74,1141.57,4033184,1141.57
06-12-17,1137.99,1155.89,1136.08,1152.35,2756730,1152.35
07-12-17,1156.59,1163.19,1151,1159.79,2408323,1159.79
08-12-17,1170.4,1172.79,1157.1,1162,2957785,1162
11-12-17,1164.6,1169.9,1157,1168.92,2257922,1168.92
12-12-17,1166.51,1173.6,1161.61,1165.08,2197697,1165.08
13-12-17,1170,1170.87,1160.27,1164.13,2555053,1164.13
14-12-17,1163.71,1177.93,1162.45,1174.26,3069993,1174.26
15-12-17,1179.03,1182.75,1169.33,1179.14,4539895,1179.14
18-12-17,1187.37,1194.78,1180.91,1190.58,2767271,1190.58
19-12-17,1189.15,1192.97,1179.14,1187.38,2555235,1187.38
20-12-17,1190.5,1191,1176,1177.62,2318916,1177.62
21-12-17,1175.9,1179.17,1167.64,1174.76,2042448,1174.76
22-12-17,1172.08,1174.62,1167.83,1168.36,1553997,1168.36
26-12-17,1168.36,1178.32,1160.55,1176.76,1964871,1176.76
27-12-17,1179.91,1187.29,1175.61,1182.26,1779382,1182.26
28-12-17,1189,1190.1,1184.38,1186.1,1803460,1186.1
29-12-17,1182.35,1184,1167.5,1169.47,2625283,1169.47
02-01-18,1172,1190,1170.51,1189.01,2587899,1189.01
03-01-18,1188.3,1205.49,1188.3,1204.2,3044664,1204.2
04-01-18,1205,1215.87,1204.66,1209.59,3000366,1209.59
05-01-18,1217.51,1229.14,1210,1229.14,3430148,1229.14
08-01-18,1236,1253.08,1232.03,1246.87,4177533,1246.87
09-01-18,1256.9,1259.33,1241.76,1252.7,3646681,1252.7
10-01-18,1245.15,1254.33,1237.23,1254.33,2659507,1254.33
11-01-18,1259.74,1276.77,1256.46,1276.68,3075315,1276.68
12-01-18,1273.39,1305.76,1273.39,1305.2,5360681,1305.2
16-01-18,1323,1339.94,1292.3,1304.86,7111172,1304.86
17-01-18,1312.24,1314,1280.88,1295,5166748,1295
18-01-18,1293.95,1304.6,1284.02,1293.32,3941007,1293.32
19-01-18,1312,1313,1292.99,1294.58,4395070,1294.58
22-01-18,1297.17,1327.45,1296.66,1327.31,3970151,1327.31
23-01-18,1338.09,1364.9,1337.34,1362.54,5056764,1362.54
24-01-18,1374.82,1388.16,1338,1357.51,6730084,1357.51
25-01-18,1368,1378.34,1357.62,1377.95,4621862,1377.95
26-01-18,1392.01,1402.53,1380.91,1402.05,4584082,1402.05
29-01-18,1409.18,1431.39,1400.44,1417.68,5628992,1417.68
30-01-18,1403.17,1439.25,1392,1437.82,5736512,1437.82
31-01-18,1451.3,1472.58,1450.04,1451.65,6220396,1451.65
01-02-18,1445,1459.88,1385.14,1390,7812953,1390
02-02-18,1477.39,1498,1414,1431,10915962,1431
05-02-18,1402.62,1458.98,1320.72,1396.62,10756332,1396.62
06-02-18,1361.46,1443.99,1351.79,1442.84,10773963,1442.84
07-02-18,1449,1460.99,1415.15,1416.78,7066828,1416.78
08-02-18,1429.67,1433.75,1349.94,1350.47,8108560,1350.47
09-02-18,1373.49,1383.5,1265.93,1338.99,13787886,1338.99
12-02-18,1364.67,1393.81,1344.01,1386.23,6682214,1386.23
13-02-18,1385.93,1419.72,1383.53,1414.51,5858860,1414.51
14-02-18,1406.25,1452.06,1403.36,1451.05,5881238,1451.05
15-02-18,1466.89,1468.94,1436.84,1461.76,5598111,1461.76
16-02-18,1457.37,1465.8,1446.56,1448.69,4410879,1448.69
20-02-18,1446.49,1488.77,1446.49,1468.35,6388374,1468.35
21-02-18,1485,1503.49,1478.92,1482.92,6216694,1482.92
22-02-18,1495.36,1502.54,1475.76,1484.76,4732555,1484.76
23-02-18,1495.34,1500,1486.5,1500,4327008,1500
26-02-18,1509.2,1522.84,1507,1521.95,4909053,1521.95
27-02-18,1524.5,1526.78,1507.21,1511.98,4708378,1511.98
28-02-18,1519.51,1528.7,1512,1512.45,4426580,1512.45
01-03-18,1513.6,1518.49,1465,1493.45,6835230,1493.45
02-03-18,1469.1,1501.05,1455.01,1500.25,6587564,1500.25
05-03-18,1494.24,1525.38,1481,1523.61,5233934,1523.61
06-03-18,1533.2,1542.13,1528,1537.64,4561718,1537.64
07-03-18,1526.52,1545.9,1522.51,1545,4174123,1545
08-03-18,1550,1554.88,1545.25,1551.86,3512528,1551.86
09-03-18,1563.5,1578.94,1559.08,1578.89,4417059,1578.89
12-03-18,1592.6,1605.33,1586.7,1598.39,5115886,1598.39
13-03-18,1615.96,1617.54,1578.01,1588.18,6427066,1588.18
14-03-18,1597,1606.44,1590.89,1591,4164395,1591
15-03-18,1595,1596.91,1578.11,1582.32,4026744,1582.32
16-03-18,1583.45,1589.44,1567.5,1571.68,5145054,1571.68
19-03-18,1554.53,1561.66,1525.35,1544.93,6376619,1544.93
20-03-18,1550.34,1587,1545.41,1586.51,4507049,1586.51
21-03-18,1586.45,1590,1563.17,1581.86,4667291,1581.86
22-03-18,1565.47,1573.85,1542.4,1544.1,6177737,1544.1
23-03-18,1539.01,1549.02,1495.36,1495.56,7843966,1495.56
26-03-18,1530,1556.99,1499.25,1555.86,5547618,1555.86
27-03-18,1572.4,1575.96,1482.32,1497.05,6793279,1497.05
02-04-18,1417.619995,1421.359985,1355,1371.98999,10463600,1371.98999
03-04-18,1391.380005,1414,1355.329956,1392.050049,10231200,1392.050049
04-04-18,1358.23999,1415.390015,1352.880005,1410.569946,6982300,1410.569946
05-04-18,1441.98999,1459.560059,1427.069946,1451.75,6413500,1451.75
06-04-18,1429.969971,1452.5,1400.26001,1405.22998,5882300,1405.22998
09-04-18,1425.030029,1438.47998,1402.569946,1406.079956,4208200,1406.079956
10-04-18,1431.98999,1438.380005,1415.699951,1436.219971,4254100,1436.219971
11-04-18,1439.439941,1448.780029,1424.890015,1427.050049,3582500,1427.050049
12-04-18,1439.5,1452.119995,1435.060059,1448.5,3135000,1448.5
13-04-18,1449.140015,1459.780029,1424.52002,1430.790039,3685300,1430.790039
16-04-18,1445,1447,1427.47998,1441.5,2808600,1441.5
17-04-18,1462.300049,1507.189941,1457.02002,1503.829956,5114400,1503.829956
18-04-18,1514.650024,1533.800049,1504.109985,1527.839966,5227500,1527.839966
19-04-18,1543.219971,1568.52002,1539.060059,1556.910034,6523700,1556.910034
20-04-18,1561.199951,1561.199951,1516.089966,1527.48999,5541600,1527.48999
23-04-18,1546.689941,1548,1503.410034,1517.859985,4465400,1517.859985
24-04-18,1535.800049,1539.5,1448.449951,1460.089966,7494700,1460.089966
25-04-18,1458,1469.98999,1415.02002,1460.170044,6587300,1460.170044
26-04-18,1485.01001,1529.420044,1478.5,1517.959961,8801100,1517.959961
27-04-18,1634.01001,1638.099976,1567.390015,1572.619995,13053200,1572.619995
30-04-18,1582.5,1596,1560.939941,1566.130005,5464100,1566.130005
01-05-18,1563.219971,1585,1552.180054,1582.26001,4572100,1582.26001
02-05-18,1580.97998,1588.5,1566.359985,1569.680054,4360300,1569.680054
03-05-18,1560.01001,1574.800049,1546.02002,1572.079956,4251900,1572.079956
04-05-18,1562.449951,1584.900024,1562.189941,1580.949951,3443600,1580.949951
07-05-18,1589.339966,1606.949951,1587.829956,1600.140015,3801900,1600.140015
08-05-18,1595,1596.880005,1582.51001,1592.390015,3067900,1592.390015
09-05-18,1600,1608,1592,1608,3637300,1608
10-05-18,1608.47998,1615.599976,1603.439941,1609.079956,2817500,1609.079956
11-05-18,1610.98999,1611.099976,1597.890015,1602.910034,2263900,1602.910034
14-05-18,1604,1611.180054,1600.050049,1601.540039,2509500,1601.540039
15-05-18,1587.800049,1587.800049,1565.219971,1576.119995,5077500,1576.119995
16-05-18,1577.5,1594.430054,1576.670044,1587.280029,2570600,1587.280029
17-05-18,1580.560059,1594.040039,1573,1581.76001,2147600,1581.76001
18-05-18,1581.329956,1583.589966,1572.099976,1574.369995,2642600,1574.369995
21-05-18,1585,1592.050049,1575,1585.459961,2925200,1585.459961
22-05-18,1589.890015,1589.890015,1575.25,1581.400024,2115600,1581.400024
23-05-18,1571.050049,1601.859985,1566.339966,1601.859985,3299800,1601.859985
24-05-18,1598.030029,1608.23999,1588.380005,1603.069946,3375800,1603.069946
25-05-18,1603,1614.119995,1600.449951,1610.150024,2698400,1610.150024
29-05-18,1600.709961,1621.790039,1600.150024,1612.869995,3829900,1612.869995
30-05-18,1618.099976,1626,1612.930054,1624.890015,2907400,1624.890015
31-05-18,1623,1635,1621.349976,1629.619995,3166300,1629.619995
01-06-18,1637.030029,1646.72998,1635.089966,1641.540039,3290100,1641.540039
04-06-18,1648.900024,1665.680054,1645.48999,1665.27002,3167900,1665.27002
05-06-18,1672.98999,1699,1670.060059,1696.349976,4782200,1696.349976
06-06-18,1704.51001,1714.5,1686.469971,1695.75,5473200,1695.75
07-06-18,1698.560059,1699.900024,1676.109985,1689.300049,3765700,1689.300049
08-06-18,1681.119995,1689.439941,1673.01001,1683.98999,2955100,1683.98999
11-06-18,1681.51001,1694.23999,1680.589966,1689.119995,2335500,1689.119995
12-06-18,1693,1699.51001,1691.52002,1698.75,2259200,1698.75
13-06-18,1702.810059,1713.75,1700.119995,1704.859985,3327500,1704.859985
14-06-18,1713.47998,1724.800049,1708.869995,1723.859985,3174400,1723.859985
15-06-18,1714,1720.869995,1708.52002,1715.969971,4777600,1715.969971
18-06-18,1706.26001,1726.73999,1702.560059,1723.790039,3107700,1723.790039
19-06-18,1709.040039,1736.109985,1700.390015,1734.780029,4290100,1734.780029
20-06-18,1742.5,1762.930054,1741.359985,1750.079956,4332600,1750.079956
21-06-18,1760,1763.099976,1717.560059,1730.219971,4941100,1730.219971
22-06-18,1742.619995,1743,1711.900024,1715.670044,4075100,1715.670044
25-06-18,1702.51001,1705,1646.310059,1663.150024,7511200,1663.150024
26-06-18,1672.369995,1701.569946,1663.339966,1691.089966,4386600,1691.089966
27-06-18,1708.109985,1711.949951,1660,1660.51001,4872200,1660.51001
28-06-18,1672.540039,1705.5,1661.170044,1701.449951,4529700,1701.449951
29-06-18,1717,1723.410034,1694.319946,1699.800049,4543500,1699.800049
02-07-18,1682.699951,1713.890015,1678.060059,1713.780029,3185700,1713.780029
03-07-18,1723.959961,1725,1692.47998,1693.959961,2177300,1693.959961
05-07-18,1705.380005,1710.689941,1682.150024,1699.72998,2983100,1699.72998
06-07-18,1696,1715.27002,1691.670044,1710.630005,2650300,1710.630005
09-07-18,1724.050049,1739.560059,1716.22998,1739.02002,3012000,1739.02002
10-07-18,1738.530029,1750,1731,1743.069946,3002900,1743.069946
11-07-18,1737.98999,1756.959961,1734,1755,3209800,1755
12-07-18,1764.51001,1798,1762.180054,1796.619995,4532700,1796.619995
13-07-18,1803.930054,1815.300049,1795.22998,1813.030029,4383200,1813.030029
16-07-18,1821.949951,1841.949951,1814.449951,1822.48999,5466200,1822.48999
17-07-18,1811.560059,1851.689941,1797.380005,1843.930054,5682900,1843.930054
18-07-18,1848,1858.880005,1831.27002,1842.920044,4861900,1842.920044
19-07-18,1829.459961,1841,1811.27002,1812.969971,4676900,1812.969971
20-07-18,1825.01001,1834.839966,1810.060059,1813.699951,3884400,1813.699951
23-07-18,1812.209961,1819,1769.98999,1802,3888500,1802
24-07-18,1829.01001,1840,1809.380005,1829.23999,4278700,1829.23999
25-07-18,1829.300049,1863.839966,1822.640015,1863.609985,3738200,1863.609985
26-07-18,1839,1844.680054,1804.5,1808,9924400,1808
27-07-18,1876.050049,1880.050049,1806.530029,1817.27002,9681000,1817.27002
30-07-18,1827.329956,1829.5,1766.02002,1779.219971,6562300,1779.219971
31-07-18,1786.48999,1801.829956,1739.319946,1777.439941,5738700,1777.439941
01-08-18,1784,1798.439941,1776.02002,1797.170044,4153100,1797.170044
02-08-18,1788.77002,1836.560059,1786,1834.329956,4354700,1834.329956
03-08-18,1837.73999,1841,1821.5,1823.290039,3460500,1823.290039
06-08-18,1825.810059,1847.77002,1818.920044,1847.75,3391800,1847.75
07-08-18,1854.530029,1869.719971,1846.27002,1862.47998,3377500,1862.47998
08-08-18,1861,1891.51001,1854.5,1886.52002,3963000,1886.52002
09-08-18,1882,1914.569946,1877.47998,1898.52002,4849900,1898.52002
10-08-18,1888.51001,1899.5,1878.209961,1886.300049,3639900,1886.300049
13-08-18,1898.5,1925,1893.670044,1896.199951,5512600,1896.199951
14-08-18,1919.390015,1921.01001,1900,1919.650024,3986100,1919.650024
15-08-18,1909.550049,1916.209961,1869.790039,1882.619995,7700700,1882.619995
16-08-18,1903.939941,1905,1883.550049,1886.52002,3957100,1886.52002
17-08-18,1885.800049,1888,1855.550049,1882.219971,4104300,1882.219971
20-08-18,1890.569946,1891.75,1866.060059,1876.709961,2862000,1876.709961
21-08-18,1880,1897.75,1874.410034,1883.420044,3105600,1883.420044
22-08-18,1876.640015,1905.800049,1876.640015,1904.900024,3080500,1904.900024
23-08-18,1907.170044,1919.5,1900.76001,1902.900024,3563000,1902.900024
24-08-18,1910.51001,1916.01001,1902.540039,1905.390015,2800900,1905.390015
27-08-18,1915,1927.699951,1909.280029,1927.680054,3569000,1927.680054
28-08-18,1937.72998,1941.780029,1928.819946,1932.819946,3100700,1932.819946
29-08-18,1953.449951,1998.689941,1948.939941,1998.099976,6531800,1998.099976
30-08-18,1997.420044,2025.569946,1986.900024,2002.380005,7277300,2002.380005
31-08-18,2007,2022.380005,2004.73999,2012.709961,4204400,2012.709961
04-09-18,2026.5,2050.5,2013,2039.51001,5721100,2039.51001
05-09-18,2038.109985,2040.380005,1989.890015,1994.819946,8220600,1994.819946
06-09-18,2006.51001,2007.5,1935.209961,1958.310059,7488700,1958.310059
07-09-18,1938.709961,1975.199951,1937.349976,1952.069946,4892600,1952.069946
10-09-18,1971,1973.040039,1931.52002,1939.01001,4544800,1939.01001
11-09-18,1928.27002,1988.880005,1917,1987.150024,5033600,1987.150024
12-09-18,1994,2000,1962.439941,1990,4414000,1990
13-09-18,2000,2008.76001,1982.030029,1989.869995,3621500,1989.869995
14-09-18,1992.930054,1993.650024,1959.219971,1970.189941,3642000,1970.189941
17-09-18,1954.72998,1956.819946,1887.410034,1908.030029,7050200,1908.030029
18-09-18,1918.650024,1958.199951,1915.439941,1941.050049,4268700,1941.050049
19-09-18,1940.5,1940.829956,1904.900024,1926.420044,4056800,1926.420044
20-09-18,1938.579956,1955,1932.25,1944.300049,3154900,1944.300049
21-09-18,1954.219971,1957.310059,1910.5,1915.01001,6855900,1915.01001
24-09-18,1903.790039,1936.880005,1865,1934.359985,4213700,1934.359985
25-09-18,1942.900024,1975.910034,1938.849976,1974.550049,4538400,1974.550049
26-09-18,1968.5,1995.25,1961.52002,1974.849976,4313500,1974.849976
27-09-18,1993.23999,2016.160034,1988.579956,2012.97998,4329400,2012.97998
28-09-18,2004.410034,2026.52002,1996.459961,2003,4085100,2003
01-10-18,2021.98999,2033.189941,2003.599976,2004.359985,3460500,2004.359985
02-10-18,1999.98999,2013.390015,1965.77002,1971.310059,5400700,1971.310059
03-10-18,1981.699951,1989.699951,1949.810059,1952.76001,5253100,1952.76001
04-10-18,1949,1956,1896.569946,1909.420044,7257000,1909.420044
05-10-18,1917.98999,1929.079956,1862.829956,1889.650024,6822300,1889.650024
08-10-18,1874,1902,1830.660034,1864.420044,7393200,1864.420044
09-10-18,1859.98999,1896.680054,1852.319946,1870.319946,4772900,1870.319946
10-10-18,1857.890015,1858.560059,1754.410034,1755.25,10988900,1755.25
11-10-18,1724,1755.400024,1685.099976,1719.359985,13935900,1719.359985
12-10-18,1808,1808.949951,1742.530029,1788.609985,9444600,1788.609985
15-10-18,1795,1795.050049,1734.22998,1760.949951,6437200,1760.949951
16-10-18,1783.5,1823.880005,1761.550049,1819.959961,5859900,1819.959961
17-10-18,1842.790039,1845,1807,1831.72998,5295200,1831.72998
18-10-18,1821.48999,1830.150024,1767.869995,1770.719971,5874000,1770.719971
19-10-18,1785.160034,1809.099976,1753,1764.030029,5907200,1764.030029
22-10-18,1784,1809.5,1756,1789.300049,4500000,1789.300049
23-10-18,1742.23999,1776.339966,1714,1768.699951,6723900,1768.699951
24-10-18,1773.699951,1777.709961,1656.560059,1664.199951,6928400,1664.199951
25-10-18,1703.339966,1794.810059,1692.01001,1782.170044,10285700,1782.170044
26-10-18,1649.589966,1698.459961,1603,1642.810059,14963800,1642.810059
29-10-18,1660,1665.73999,1495,1538.880005,13866100,1538.880005
30-10-18,1486.160034,1540.98999,1476.359985,1530.420044,12460100,1530.420044
31-10-18,1569.98999,1623.910034,1565.089966,1598.01001,9390200,1598.01001
01-11-18,1623.530029,1670.449951,1598.439941,1665.530029,8135500,1665.530029
02-11-18,1678.589966,1697.439941,1651.829956,1665.530029,6955500,1665.530029
05-11-18,1657.569946,1658.089966,1596.359985,1627.800049,5624700,1627.800049
06-11-18,1618.349976,1665,1614.550049,1642.810059,4257400,1642.810059
07-11-18,1673,1759.22998,1664.079956,1755.48999,8192200,1755.48999
08-11-18,1755,1784,1725.109985,1754.910034,6534900,1754.910034
09-11-18,1732.5,1743.920044,1701.869995,1712.430054,5902200,1712.430054
12-11-18,1698.23999,1708.550049,1630.01001,1636.849976,6806200,1636.849976
13-11-18,1649.290039,1677.060059,1613.75,1631.170044,5933300,1631.170044
14-11-18,1656.319946,1673,1597.069946,1599.01001,6458900,1599.01001
