date,open,high,low,close,volume,unadjustedVolume,change,changePercent,vwap,label,changeOverTime
2016-10-17,205.1302,205.419,204.2446,204.4468,58275674,58275674,-0.712359,-0.347,204.684,"Oct 17, 16",0
2016-10-18,206.2373,206.3047,205.3035,205.7271,76869656,76869656,1.2803,0.626,205.8329,"Oct 18, 16",0.006262264804340352
2016-10-19,206.0255,206.6223,205.6212,206.2758,66519224,66519224,0.548709,0.267,206.2354,"Oct 19, 16",0.008946092577629034
2016-10-20,205.8811,206.5164,205.1495,205.8907,73639830,73639830,-0.385058,-0.187,205.8363,"Oct 20, 16",0.007062472975854909
2016-10-21,205.0051,206.0832,204.8126,205.987,89089092,89089092,0.096265,0.047,205.5398,"Oct 21, 16",0.007533500157498179
2016-10-24,206.9689,207.2769,206.4683,206.863,60146592,60146592,0.876007,0.425,206.878,"Oct 24, 16",0.011818233398615208
2016-10-25,206.6608,206.9496,205.987,206.1699,66542329,66542329,-0.693105,-0.335,206.3126,"Oct 25, 16",0.008428109415261165
2016-10-26,205.2457,206.4105,204.9762,205.756,75705478,75705478,-0.413937,-0.201,205.6429,"Oct 26, 16",0.006403621871313242
2016-10-27,206.5646,206.6031,205.1206,205.2072,77220213,77220213,-0.54871,-0.267,205.5738,"Oct 27, 16",0.003719304973225329
2016-10-28,205.1784,205.9389,203.8018,204.6008,140623183,140623183,-0.606465,-0.296,204.7394,"Oct 28, 16",0.0007532521907899579
2016-10-31,204.9762,205.2265,204.4275,204.6104,61272507,61272507,0.009628,0.005,204.7493,"Oct 31, 16",0.0008002081715145574
2016-11-01,204.9762,205.034,201.7706,203.1279,122781818,122781818,-1.4825,-0.725,203.1043,"Nov 1, 16",-0.0064510669768369335
2016-11-02,202.7814,203.2146,201.4144,201.9054,103330806,103330806,-1.2226,-0.602,202.2684,"Nov 2, 16",-0.012430617647231506
2016-11-03,202.146,202.3867,200.6732,200.9812,88939346,88939346,-0.924141,-0.458,201.4669,"Nov 3, 16",-0.016951109041569715
2016-11-04,201.1064,202.0498,200.5962,200.7598,109122059,109122059,-0.221409,-0.11,201.2239,"Nov 4, 16",-0.01803403134703005
2016-11-07,203.5515,205.2265,203.4071,205.188,109794861,109794861,4.4282,2.206,204.4628,"Nov 7, 16",0.00362539301177613
2016-11-08,204.7452,206.7475,204.4468,206.1121,106772138,106772138,0.924141,0.45,205.8084,"Nov 8, 16",0.008145395281315247
2016-11-09,204.4371,208.9904,204.4082,208.2966,258428972,258428972,2.1844,1.06,206.862,"Nov 9, 16",0.01883032652015104
2016-11-10,209.183,210.1552,207.1807,208.8172,172113313,172113313,0.5206,0.25,208.534,"Nov 10, 16",0.02137671022486054
2016-11-11,208.0085,208.6054,207.2769,208.3358,100552732,100552732,-0.481323,-0.23,207.9803,"Nov 11, 16",0.019022063441443006
2016-11-14,208.9231,209.1541,207.662,208.4995,94579982,94579982,0.163649,0.079,208.2973,"Nov 14, 16",0.019822760737756795
2016-11-15,208.9327,210.1264,208.7016,210.1264,91652580,91652580,1.6269,0.78,209.3801,"Nov 15, 16",0.027780332096173643
2016-11-16,209.4333,209.9916,209.2985,209.7317,65617697,65617697,-0.394684,-0.188,209.6208,"Nov 16, 16",0.02584975651367492
2016-11-17,209.905,210.8772,209.7798,210.8098,69797191,69797191,1.0782,0.514,210.4552,"Nov 17, 16",0.031123010974003995
2016-11-18,210.8869,211.0794,210.136,210.3381,86265751,86265751,-0.471696,-0.224,210.4384,"Nov 18, 16",0.02881580929611029
2016-11-21,210.9831,211.9554,210.8195,211.9265,72402638,72402638,1.5884,0.755,211.5269,"Nov 21, 16",0.03658506760682979
2016-11-22,212.2731,212.5426,211.5222,212.3404,67428957,67428957,0.413936,0.195,212.0803,"Nov 22, 16",0.038609555150777575
2016-11-23,211.7629,212.5137,211.5415,212.456,56620237,56620237,0.115521,0.054,212.0826,"Nov 23, 16",0.03917498341866927
2016-11-25,212.841,213.2838,212.7544,213.2453,37872255,37872255,0.789367,0.372,213.0169,"Nov 25, 16",0.04303564545886749
2016-11-28,212.8988,213.2068,212.1287,212.2442,76572511,76572511,-1.0012,-0.469,212.5827,"Nov 28, 16",0.03813901709393353
2016-11-29,212.2827,213.1683,211.9458,212.6581,69886690,69886690,0.413937,0.195,212.6108,"Nov 29, 16",0.04016350463788132
2016-11-30,213.3512,213.5341,212.0805,212.1479,113291793,113291793,-0.510202,-0.24,212.6674,"Nov 30, 16",0.037667989912290124
2016-12-01,212.4848,212.4848,210.9639,211.3682,79040487,79040487,-0.779745,-0.368,211.5766,"Dec 1, 16",0.033854283852816504
2016-12-02,211.4644,212.0228,211.0698,211.4741,74840347,74840347,0.105895,0.05,211.4435,"Dec 2, 16",0.03437226701518437
2016-12-05,212.4078,213.1298,212.1864,212.7448,67837821,67837821,1.2707,0.601,212.6318,"Dec 5, 16",0.04058757583880013
2016-12-06,212.9565,213.4611,212.4194,213.4186,59877377,59877377,0.67385,0.317,212.9706,"Dec 6, 16",0.04388329873590588
2016-12-07,213.2453,216.2777,213.1106,216.2103,110738050,110738050,2.7917,1.308,214.9407,"Dec 7, 16",0.05753819575557061
2016-12-08,216.1814,217.2692,215.883,216.7397,99714387,99714387,0.529458,0.245,216.5094,"Dec 8, 16",0.060127622442611
2016-12-09,216.99,218.0682,216.9515,218.0489,88005766,88005766,1.3092,0.604,217.487,"Dec 9, 16",0.06653124431392425
2016-12-12,217.943,218.4821,217.327,217.7987,101906238,101906238,-0.250289,-0.115,217.7201,"Dec 12, 16",0.06530745406629011
2016-12-13,218.5399,219.8106,218.5206,219.2522,110477485,110477485,1.4536,0.667,219.0682,"Dec 13, 16",0.07241688302286949
2016-12-14,218.9153,219.7047,216.9467,217.4425,142501812,142501812,-1.8098,-0.825,218.2315,"Dec 14, 16",0.06356519153148887
2016-12-15,217.712,219.3004,217.4525,218.3377,124972554,124972554,0.89526,0.412,218.3589,"Dec 15, 16",0.0679438367340551
2016-12-16,218.8499,218.9176,217.5523,217.9106,156420152,156420152,-0.427145,-0.196,218.0406,"Dec 16, 16",0.06585478471661084
2016-12-19,218.1139,218.8595,217.9493,218.3851,90341147,90341147,0.474478,0.218,218.3622,"Dec 19, 16",0.06817568188888258
2016-12-20,218.9854,219.3921,218.724,219.2275,89838810,89838810,0.842436,0.386,219.0717,"Dec 20, 16",0.07229606919746358
2016-12-21,219.0823,219.2759,218.6175,218.6175,67909039,67909039,-0.610041,-0.278,218.9041,"Dec 21, 16",0.0693124079222566
2016-12-22,218.4528,218.5884,217.7944,218.2398,56219071,56219071,-0.377644,-0.173,218.1507,"Dec 22, 16",0.06746498355562429
2016-12-23,218.2882,218.569,218.0752,218.5594,36697822,36697822,0.319546,0.146,218.343,"Dec 23, 16",0.06902822641391312
2016-12-27,218.8595,219.547,218.8402,219.1016,42672487,42672487,0.542257,0.248,219.1984,"Dec 27, 16",0.0716802610752528
2016-12-28,219.3921,219.4115,217.165,217.2909,64095014,64095014,-1.8108,-0.826,217.8695,"Dec 28, 16",0.06282367833588003
2016-12-29,217.3683,217.7653,216.7486,217.2424,48696080,48696080,-0.048415,-0.022,217.2084,"Dec 29, 16",0.06258645280826115
2016-12-30,217.6104,217.7072,215.6738,216.4484,108998328,108998328,-0.794023,-0.366,216.3418,"Dec 30, 16",0.0587028019024998
2017-01-03,217.9106,218.6756,216.7909,218.1043,91366522,91366522,1.6558,0.765,217.5656,"Jan 3, 17",0.06680221945268891
2017-01-04,218.4722,219.5664,218.4625,219.4018,78744433,78744433,1.2975,0.595,219.1368,"Jan 4, 17",0.07314861372249414
2017-01-05,219.1016,219.4018,218.3366,219.2275,78379012,78379012,-0.174298,-0.079,218.9899,"Jan 5, 17",0.07229606919746358
2017-01-06,219.3534,220.5347,218.7433,220.0118,71559922,71559922,0.784341,0.358,219.931,"Jan 6, 17",0.0761322749977011
2017-01-09,219.7213,219.8764,219.2433,219.2856,46939676,46939676,-0.72624,-0.33,219.5034,"Jan 9, 17",0.07258025070580705
2017-01-10,219.305,220.2442,218.8499,219.2856,63771939,63771939,0,0,219.5227,"Jan 10, 17",0.07258025070580705
2017-01-11,219.1888,219.9053,218.4432,219.9053,74650016,74650016,0.619722,0.283,219.2177,"Jan 11, 17",0.07561135708653799
2017-01-12,219.3243,219.5664,217.8283,219.3534,72113181,72113181,-0.551941,-0.251,218.7289,"Jan 12, 17",0.07291187731967434
2017-01-13,219.547,220.1958,219.5083,219.8569,62717865,62717865,0.503525,0.23,219.8689,"Jan 13, 17",0.07537462068371821
2017-01-17,219.1404,219.5955,218.6465,219.0823,61240814,61240814,-0.774655,-0.352,219.1144,"Jan 17, 17",0.07158585998900452
2017-01-18,219.3582,219.6148,218.7433,219.5664,54793302,54793302,0.48416,0.221,219.28,"Jan 18, 17",0.07395371314200071
2017-01-19,219.6536,219.8085,218.2689,218.753,66608787,66608787,-0.813387,-0.37,218.9959,"Jan 19, 17",0.06997517202519184
2017-01-20,219.518,220.1087,218.813,219.5567,129168623,129168623,0.803704,0.367,219.3635,"Jan 20, 17",0.07390626803647703
2017-01-23,219.1791,219.6197,218.1333,218.9854,75061645,75061645,-0.571309,-0.26,218.8294,"Jan 23, 17",0.07111189805856585
2017-01-24,219.2275,220.8543,219.1016,220.3895,95555295,95555295,1.4041,0.641,220.0932,"Jan 24, 17",0.07797969936433342
2017-01-25,221.4546,222.2971,221.2707,222.2971,84437712,84437712,1.9076,0.866,221.8664,"Jan 25, 17",0.08731024403414485
2017-01-26,222.1325,222.4326,221.7548,222.0647,59970719,59970719,-0.232397,-0.105,222.0757,"Jan 26, 17",0.08617351800077082
2017-01-27,222.1518,222.3164,221.5127,221.7161,59695224,59695224,-0.348596,-0.157,221.7283,"Jan 27, 17",0.08446842895071
2017-01-30,220.9414,220.9705,219.2372,220.3411,79737252,79737252,-1.375,-0.62,219.9422,"Jan 30, 17",0.07774296296151378
2017-01-31,219.7891,220.3895,219.15,220.3217,75880805,75880805,-0.019366,-0.009,219.7048,"Jan 31, 17",0.07764807275046612
2017-02-01,221.0237,221.3481,219.7504,220.4089,79117651,79117651,0.087149,0.04,220.3507,"Feb 1, 17",0.07807458957538094
2017-02-02,220.0022,220.8736,219.6342,220.5541,69657560,69657560,0.145247,0.066,220.2679,"Feb 2, 17",0.07878479878384015
2017-02-03,221.5708,222.2777,221.2222,222.0744,80563168,80563168,1.5203,0.689,221.9064,"Feb 3, 17",0.08622096310629465
2017-02-06,221.6192,222.0608,221.2997,221.6773,57790108,57790108,-0.397011,-0.179,221.6438,"Feb 6, 17",0.08427864852861482
2017-02-07,222.1131,222.38,221.474,221.687,57931151,57931151,0.009683,0.004,221.8789,"Feb 7, 17",0.08432609363413864
2017-02-08,221.3675,222.1228,221.077,221.9775,51566218,51566218,0.290497,0.131,221.713,"Feb 8, 17",0.085747001175856
2017-02-09,222.2874,223.6334,222.2487,223.2944,65955245,65955245,1.3169,0.593,223.1308,"Feb 9, 17",0.09218828565670874
2017-02-10,223.6818,224.4274,223.3154,224.1756,66015892,66015892,0.881171,0.395,224.0009,"Feb 10, 17",0.09649845338738491
2017-02-13,224.7276,225.6862,224.6985,225.3957,55182050,55182050,1.2201,0.544,225.2357,"Feb 13, 17",0.10246626506259823
2017-02-14,225.1923,226.3059,224.805,226.2962,71108983,71108983,0.900539,0.4,225.6371,"Feb 14, 17",0.1068708338795227
2017-02-15,226.0542,227.6906,225.9961,227.4776,86785826,86785826,1.1813,0.522,226.9202,"Feb 15, 17",0.11264935425744008
2017-02-16,227.5163,227.7051,226.4415,227.2839,84722437,84722437,-0.193664,-0.085,226.9898,"Feb 16, 17",0.111701919521362
2017-02-17,226.5383,227.6422,226.5189,227.6422,77204104,77204104,0.358279,0.158,227.0373,"Feb 17, 17",0.1134544536769468
2017-02-21,228.0586,229.1915,228.0489,228.9978,88946051,88946051,1.3556,0.596,228.7564,"Feb 21, 17",0.12008502945509548
2017-02-22,228.5427,229.0463,228.3588,228.7945,62115185,62115185,-0.203347,-0.089,228.741,"Feb 22, 17",0.11909063873829281
2017-02-23,229.3755,229.3949,228.0973,228.9494,74615902,74615902,0.154931,0.068,228.7658,"Feb 23, 17",0.1198482930522757
2017-02-24,228.0005,229.2914,227.9521,229.2399,82381612,82381612,0.290495,0.127,228.5847,"Feb 24, 17",0.12126920059399321
2017-02-27,229.1431,229.7919,228.8623,229.5982,56515440,56515440,0.358276,0.156,229.4095,"Feb 27, 17",0.12302173474957787
2017-02-28,229.1721,229.4433,228.5379,228.9785,96961938,96961938,-0.619723,-0.27,229.0046,"Feb 28, 17",0.11999062836884707
2017-03-01,230.8377,232.7065,230.8183,232.1836,149158170,149158170,3.2051,1.4,231.9144,"Mar 1, 17",0.13566756730846372
2017-03-02,231.9706,231.9803,230.6634,230.7215,70245978,70245978,-1.4622,-0.63,231.1882,"Mar 2, 17",0.12851607361915177
2017-03-03,230.6246,231.0507,230.1986,230.8667,81974300,81974300,0.14525,0.063,230.6541,"Mar 3, 17",0.12922628282761095
2017-03-06,229.9758,230.5762,229.5014,230.1792,55391533,55391533,-0.687508,-0.298,230.0506,"Mar 6, 17",0.12586354983301284
2017-03-07,229.8403,230.2373,229.2593,229.4917,65103737,65103737,-0.687506,-0.299,229.6559,"Mar 7, 17",0.12250081683841475
2017-03-08,229.8209,230.1114,228.9107,229.0656,78168795,78168795,-0.42606,-0.186,229.4482,"Mar 8, 17",0.12041665606896265
2017-03-09,229.2012,229.7241,228.2716,229.3561,90683918,90683918,0.290495,0.127,229.1365,"Mar 9, 17",0.12183756361068016
2017-03-10,230.431,230.4794,229.0947,230.1598,81991652,81991652,0.803705,0.35,229.8559,"Mar 10, 17",0.1257686596219652
2017-03-13,230.092,230.3244,229.7241,230.276,57256824,57256824,0.116199,0.05,230.04,"Mar 13, 17",0.1263370226386523
2017-03-14,229.666,229.7241,228.7073,229.3949,59880778,59880778,-0.88117,-0.383,229.2081,"Mar 14, 17",0.12202734403277533
2017-03-15,230.0339,231.8544,229.7725,231.3799,96081750,96081750,1.9851,0.865,230.8562,"Mar 15, 17",0.13173647129717853
2017-03-16,231.5348,231.622,230.5568,230.9248,78343951,78343951,-0.45511,-0.197,230.9965,"Mar 16, 17",0.12951046433595442
2017-03-17,231.2196,231.4335,230.5193,230.5193,89002111,89002111,-0.405453,-0.176,230.9388,"Mar 17, 17",0.1275270632751405
2017-03-20,230.5193,230.8403,229.8288,230.2665,52536979,52536979,-0.252858,-0.11,230.3788,"Mar 20, 17",0.1262905557827269
2017-03-21,230.9473,231.0834,227.1641,227.31,131809275,131809275,-2.9565,-1.284,228.2745,"Mar 21, 17",0.11182958109395699
2017-03-22,227.3489,228.1658,226.6487,227.8449,97569204,97569204,0.534895,0.235,227.4154,"Mar 22, 17",0.11444590964495409
2017-03-23,227.5726,228.8758,227.1836,227.6017,100410277,100410277,-0.243135,-0.107,227.9214,"Mar 23, 17",0.11325635813326498
2017-03-24,227.9421,228.584,226.5611,227.4364,112504853,112504853,-0.16533,-0.073,227.5944,"Mar 24, 17",0.11244783484016378
2017-03-27,225.5594,227.4948,225.2482,227.203,87454452,87454452,-0.233409,-0.103,226.5007,"Mar 27, 17",0.11130621755879773
2017-03-28,226.8626,229.3329,226.7362,228.8563,93483915,93483915,1.6533,0.728,228.2538,"Mar 28, 17",0.11939291786420726
2017-03-29,228.5354,229.3329,228.2777,229.0703,61950354,61950354,0.213955,0.093,228.9234,"Mar 29, 17",0.12043964493452579
2017-03-30,229.0022,230.0234,228.8077,229.7997,56737890,56737890,0.729403,0.318,229.6293,"Mar 30, 17",0.12400732121999467
2017-03-31,229.4204,230.0136,229.2064,229.2648,73733094,73733094,-0.534895,-0.233,229.5649,"Mar 31, 17",0.12139099266899757
2017-04-03,229.3231,229.5468,227.485,228.866,85546486,85546486,-0.398737,-0.174,228.5638,"Apr 3, 17",0.1194403629697311
2017-04-04,228.5451,229.1092,228.1123,229.0119,56466195,56466195,0.145878,0.064,228.7295,"Apr 4, 17",0.12015399605178463
2017-04-05,229.7705,230.8695,228.0977,228.3311,108800604,108800604,-0.680772,-0.297,229.5012,"Apr 5, 17",0.11682403441873386
2017-04-06,228.4868,229.5565,227.9859,228.973,69135757,69135757,0.64187,0.281,228.8054,"Apr 6, 17",0.11996372650489036
2017-04-07,228.691,229.5176,228.195,228.7396,74386480,74386480,-0.233408,-0.102,228.8259,"Apr 7, 17",0.11882210922352417
2017-04-10,228.8952,229.7656,228.2825,228.8758,67615302,67615302,0.136156,0.06,229.0616,"Apr 10, 17",0.11948829720005401
2017-04-11,228.4479,228.7202,226.9307,228.6035,88045276,88045276,-0.272309,-0.119,227.8276,"Apr 11, 17",0.11815641037179354
2017-04-12,228.2922,228.5062,227.3489,227.6017,81864436,81864436,-1.0017,-0.438,227.7889,"Apr 12, 17",0.11325635813326498
2017-04-13,227.2225,228.0491,226.1235,226.1235,92880394,92880394,-1.4782,-0.649,226.9987,"Apr 13, 17",0.1060261153512797
2017-04-17,226.707,228.1269,226.4833,228.1269,68405367,68405367,2.0034,0.886,227.4585,"Apr 17, 17",0.11582524157873839
2017-04-18,227.3003,228.0491,226.6778,227.4461,83225821,83225821,-0.680774,-0.298,227.3707,"Apr 18, 17",0.11249527994568762
2017-04-19,228.0783,228.4965,226.7751,227.028,68699868,68699868,-0.418187,-0.184,227.5424,"Apr 19, 17",0.1104502491601727
2017-04-20,227.7185,229.3669,227.3586,228.8758,92572186,92572186,1.8478,0.814,228.5322,"Apr 20, 17",0.11948829720005401
2017-04-21,228.7882,228.8466,227.699,228.1464,110389847,110389847,-0.7294,-0.319,228.283,"Apr 21, 17",0.11592062091458513
2017-04-24,230.6652,230.8889,228.1199,230.6555,119209877,119209877,2.5091,1.1,230.3853,"Apr 24, 17",0.12819325125167033
2017-04-25,231.3752,232.3866,231.2779,231.9976,76698265,76698265,1.3421,0.582,231.9468,"Apr 25, 17",0.13475779518192513
2017-04-26,231.9587,232.9507,231.8031,231.8517,84702455,84702455,-0.14588,-0.063,232.2988,"Apr 26, 17",0.13404416209987144
2017-04-27,232.2116,232.3866,231.4433,232.0462,57410326,57410326,0.194505,0.084,231.9466,"Apr 27, 17",0.13499550983434322
2017-04-28,232.338,232.3672,231.3946,231.5405,63532845,63532845,-0.505715,-0.218,231.6731,"Apr 28, 17",0.1325220057247167
2017-05-01,232.124,232.6006,231.6523,232.124,66882521,66882521,0.583518,0.252,232.1639,"May 1, 17",0.1353760489281319
2017-05-02,232.2796,232.4158,231.7545,232.2116,57375732,57375732,0.087529,0.038,232.0581,"May 2, 17",0.13580452225224365
2017-05-03,231.7447,232.3161,231.1709,231.9295,73137731,73137731,-0.282033,-0.121,231.7238,"May 3, 17",0.13442470119366012
2017-05-04,232.2699,232.3599,231.2487,232.2018,61443570,61443570,0.272307,0.117,231.9295,"May 4, 17",0.1357565880219206
2017-05-05,232.62,233.1355,232.124,233.116,62001269,62001269,0.914181,0.394,232.6051,"May 5, 17",0.14022816693633755
2017-05-08,233.1646,233.33,232.6006,233.0771,48385730,48385730,-0.038901,-0.017,232.9342,"May 8, 17",0.14003789738944314
2017-05-09,233.3689,233.5925,232.4741,232.8631,51363200,51363200,-0.213957,-0.092,233.0937,"May 9, 17",0.1389911703191246
2017-05-10,232.8145,233.2813,232.5811,233.2813,54293799,54293799,0.418189,0.18,233.0121,"May 10, 17",0.14103669022943863
2017-05-11,232.7756,232.9896,231.5891,232.8048,62358346,62358346,-0.476543,-0.204,232.3524,"May 11, 17",0.13870601056118267
2017-05-12,232.5228,232.8508,232.1143,232.4158,53912730,53912730,-0.389011,-0.167,232.3903,"May 12, 17",0.13680331509223914
2017-05-15,232.8923,233.8357,232.8729,233.6995,61918937,61918937,1.2837,0.552,233.5156,"May 15, 17",0.14308221013975275
2017-05-16,234.0302,234.0594,233.0479,233.4856,51241791,51241791,-0.213958,-0.092,233.4883,"May 16, 17",0.14203597219423347
2017-05-17,231.56,232.0851,229.2745,229.3426,172174107,172174107,-4.143,-1.774,230.4385,"May 17, 17",0.12177153176278625
2017-05-18,229.2551,231.2196,228.9633,230.2665,107047656,107047656,0.923906,0.403,230.0713,"May 18, 17",0.1262905557827269
2017-05-19,230.8111,232.513,230.7528,231.7642,115011373,115011373,1.4977,0.65,231.7182,"May 19, 17",0.13361617790055894
2017-05-22,232.338,233.1257,232.2602,232.941,61010602,61010602,1.1768,0.508,232.7302,"May 22, 17",0.13937219853771254
2017-05-23,233.3591,233.6412,232.9312,233.4564,48341683,48341683,0.515443,0.221,233.3421,"May 23, 17",0.14189314775286288
2017-05-24,233.719,234.1177,233.3397,234.001,49181099,49181099,0.544618,0.233,233.7191,"May 24, 17",0.1445569214093838
2017-05-25,234.5748,235.4306,234.3414,235.1194,64071661,64071661,1.1184,0.478,234.9986,"May 25, 17",0.15002729316379623
2017-05-26,234.9055,235.2556,234.8179,235.0708,46629905,46629905,-0.048628,-0.021,235.059,"May 26, 17",0.149789578511378
2017-05-30,234.711,235.1486,234.5359,234.8666,35201897,35201897,-0.20423,-0.087,234.8925,"May 30, 17",0.14879078567138254
2017-05-31,235.1972,235.2361,234.0302,234.8082,91796016,91796016,-0.058354,-0.025,234.5361,"May 31, 17",0.14850513678864136
2017-06-01,235.3237,236.6949,235.0027,236.6755,68962024,68962024,1.8673,0.795,235.8366,"Jun 1, 17",0.15763856416436944
2017-06-02,236.7338,237.6383,236.4032,237.4632,88666128,88666128,0.787752,0.333,237.1249,"Jun 2, 17",0.16149140020778024
2017-06-05,237.2687,237.5897,237.0645,237.2882,44698825,44698825,-0.175057,-0.074,237.3379,"Jun 5, 17",0.1606354318091552
2017-06-06,236.656,237.2784,236.4421,236.5296,50375430,50375430,-0.758575,-0.32,236.8225,"Jun 6, 17",0.15692493108231576
2017-06-07,236.9089,237.2201,236.16,236.9672,54144311,54144311,0.437641,0.185,236.8255,"Jun 7, 17",0.1590653412036774
2017-06-08,237.0742,237.6188,236.4907,237.0839,65950691,65950691,0.116702,0.049,236.9683,"Jun 8, 17",0.1596361498443605
2017-06-09,237.3854,238.2802,235.3042,236.7241,132256362,132256362,-0.359836,-0.152,236.847,"Jun 9, 17",0.15787627881678754
2017-06-12,236.4518,236.7338,235.7224,236.6755,86108102,86108102,-0.048627,-0.021,236.1582,"Jun 12, 17",0.15763856416436944
2017-06-13,237.2784,237.8911,236.8893,237.8328,60066953,60066953,1.1573,0.489,237.4728,"Jun 13, 17",0.16329920546567614
2017-06-14,238.1343,238.144,236.6074,237.5313,78602311,78602311,-0.301484,-0.127,237.3956,"Jun 14, 17",0.16182449419604508
2017-06-15,236.0142,237.2104,235.7029,237.0742,66464888,66464888,-0.457093,-0.192,236.5116,"Jun 15, 17",0.15958870473883668
2017-06-16,237.2531,237.3117,236.1426,237.126,84553097,84553097,0.051813,0.022,236.7335,"Jun 16, 17",0.15984207138482975
2017-06-19,238.0544,239.1685,237.9469,239.1001,65123802,65123802,1.9741,0.833,238.7338,"Jun 19, 17",0.1694978840461186
2017-06-20,238.6994,238.7092,237.4681,237.4876,56906368,56906368,-1.6125,-0.674,238.0227,"Jun 20, 17",0.16161074665878844
2017-06-21,237.8883,238.0544,236.9013,237.429,55977569,55977569,-0.058637,-0.025,237.444,"Jun 21, 17",0.16132411952644896
2017-06-22,237.4388,237.9958,237.126,237.3215,44148059,44148059,-0.107501,-0.045,237.5633,"Jun 22, 17",0.16079831036729356
2017-06-23,237.3899,237.9763,236.9599,237.6049,66986801,66986801,0.28341,0.119,237.5296,"Jun 23, 17",0.1621844900482668
2017-06-26,238.3574,238.8265,237.5218,237.7613,56700477,56700477,0.156365,0.066,238.0357,"Jun 26, 17",0.162949481234238
2017-06-27,237.5169,237.8492,235.8262,235.8458,82247666,82247666,-1.9155,-0.806,236.7259,"Jun 27, 17",0.1535802957052886
2017-06-28,236.9892,238.1766,236.7253,237.9567,70042599,70042599,2.1109,0.895,237.6404,"Jun 28, 17",0.16390523109190272
2017-06-29,238.1228,238.1815,234.502,235.8653,106949719,106949719,-2.0914,-0.879,236.0536,"Jun 29, 17",0.15367567504113538
2017-06-30,236.7742,237.1944,236.0852,236.3051,86820694,86820694,0.439774,0.186,236.6031,"Jun 30, 17",0.15582684590807983
2017-07-03,237.3606,237.8492,236.7058,236.7058,39153806,39153806,0.400684,0.17,237.3519,"Jul 3, 17",0.15778676897853142
2017-07-05,237.1163,237.4876,236.2074,237.2531,54427596,54427596,0.547274,0.231,236.9797,"Jul 5, 17",0.160463749004631
2017-07-06,236.3931,236.5299,234.8783,235.0835,66115317,66115317,-2.1696,-0.914,235.6138,"Jul 6, 17",0.1498516973608782
2017-07-07,235.7285,236.7742,235.0977,236.6081,57972268,57972268,1.5245,0.649,236.3224,"Jul 7, 17",0.15730889404969906
2017-07-10,236.4517,237.2824,236.266,236.8622,36663274,36663274,0.254091,0.107,236.8881,"Jul 10, 17",0.15855176016450248
2017-07-11,236.6569,237.0381,235.3767,236.6863,50354614,50354614,-0.175909,-0.074,236.4263,"Jul 11, 17",0.15769138964268453
2017-07-12,237.771,238.6506,237.771,238.4649,59610405,59610405,1.7786,0.751,238.3231,"Jul 12, 17",0.16639096332150957
2017-07-13,238.4747,238.9926,238.2206,238.8656,39471637,39471637,0.400682,0.168,238.7155,"Jul 13, 17",0.16835088639196116
2017-07-14,238.8753,240.3804,238.7581,239.9797,60262692,60262692,1.1141,0.466,239.7167,"Jul 14, 17",0.17380022578000737
2017-07-17,239.8917,240.3217,239.7549,239.9504,33531917,33531917,-0.029317,-0.012,240.024,"Jul 17, 17",0.17365691221383756
2017-07-18,239.491,240.136,239.1099,240.0774,42742498,42742498,0.127046,0.053,239.6983,"Jul 18, 17",0.17427810070883973
2017-07-19,240.4292,241.3869,240.4194,241.3772,51034260,51034260,1.2998,0.541,241.0343,"Jul 19, 17",0.1806357448490267
2017-07-20,241.6606,241.7974,240.869,241.4847,47135183,47135183,0.1075,0.045,241.4367,"Jul 20, 17",0.18116155400818212
2017-07-21,240.8397,241.299,240.5856,241.2697,88711019,88711019,-0.215001,-0.089,240.971,"Jul 21, 17",0.18010993568987144
2017-07-24,241.1817,241.3674,240.6833,241.211,46622256,46622256,-0.058635,-0.024,241.0607,"Jul 24, 17",0.1798228194327327
2017-07-25,242.0515,242.1688,241.5433,241.7974,54915591,54915591,0.586364,0.243,241.8625,"Jul 25, 17",0.18269104725532517
2017-07-26,242.1199,242.159,241.514,241.8072,47575422,47575422,0.009774,0.004,241.8618,"Jul 26, 17",0.1827389814856481
2017-07-27,242.3251,242.3642,240.0969,241.5824,70766568,70766568,-0.224774,-0.093,241.1804,"Jul 27, 17",0.18163942893701449
2017-07-28,241.0449,241.4456,240.5367,241.299,50088359,50088359,-0.283409,-0.117,241.0447,"Jul 28, 17",0.18025324925604125
2017-07-31,241.7485,241.856,240.9276,241.1622,65838659,65838659,-0.136818,-0.057,241.3222,"Jul 31, 17",0.17958412653071615
2017-08-01,241.8365,241.8756,241.1094,241.6997,55050401,55050401,0.537499,0.223,241.5661,"Aug 1, 17",0.1822131723264928
2017-08-02,241.8463,241.9733,240.7713,241.8169,47211216,47211216,0.117274,0.049,241.4142,"Aug 2, 17",0.18278642659117192
2017-08-03,241.6899,241.7192,241.0351,241.3479,40855997,40855997,-0.469092,-0.194,241.4009,"Aug 3, 17",0.18049243128285702
2017-08-04,241.8951,242.159,241.3576,241.7876,60191838,60191838,0.439774,0.182,241.7017,"Aug 4, 17",0.1826431130250021
2017-08-07,241.8658,242.2372,241.7485,242.2372,31995021,31995021,0.449545,0.186,242.0254,"Aug 7, 17",0.1848422181222695
2017-08-08,241.8854,243.2535,241.2208,241.641,61719353,61719353,-0.596136,-0.246,242.1275,"Aug 8, 17",0.18192605606935397
2017-08-09,240.869,241.6899,240.4683,241.6313,62632619,62632619,-0.009773,-0.004,241.1032,"Aug 9, 17",0.18187861096383026
2017-08-10,240.6931,240.8397,238.1619,238.2206,120479470,120479470,-3.4107,-1.412,239.1957,"Aug 10, 17",0.16519603143702907
2017-08-11,238.4747,239.2369,238.2108,238.5724,74869947,74869947,0.351819,0.148,238.6472,"Aug 11, 17",0.16691677248066486
2017-08-14,240.009,241.1817,239.9699,240.9374,73291919,73291919,2.365,0.991,240.8026,"Aug 14, 17",0.1784845739820824
2017-08-15,241.3674,241.3869,240.566,240.9081,55242746,55242746,-0.029318,-0.012,240.9778,"Aug 15, 17",0.17834126041591258
2017-08-16,241.4944,241.944,240.8494,241.3283,56715544,56715544,0.420227,0.174,241.3844,"Aug 16, 17",0.18039656282221106
2017-08-17,240.6442,240.996,237.5658,237.5658,128490396,128490396,-3.7625,-1.559,239.0081,"Aug 17, 17",0.16199324225177406
2017-08-18,237.3801,238.6398,236.696,237.1944,136747986,136747986,-0.371363,-0.156,237.4813,"Aug 18, 17",0.16017663274749228
2017-08-21,237.126,237.6733,236.3344,237.3801,65469736,65469736,0.185681,0.078,237.1241,"Aug 21, 17",0.16108493749963318
2017-08-22,238.0349,240.0383,238.0153,239.8624,63140101,63140101,2.4823,1.046,239.3161,"Aug 22, 17",0.17322648239052904
2017-08-23,238.7776,239.4813,238.6115,239.0024,50203837,50203837,-0.860004,-0.359,239.1156,"Aug 23, 17",0.16902000911728626
2017-08-24,239.4324,239.6083,238.2108,238.4453,50741671,50741671,-0.557046,-0.233,238.7454,"Aug 24, 17",0.1662950948608636
2017-08-25,239.3347,240.0285,238.8363,239.0024,64445912,64445912,0.557046,0.234,239.317,"Aug 25, 17",0.16902000911728626
2017-08-28,239.5985,239.6279,238.5431,239.0122,40565606,40565606,0.009773,0.004,238.9574,"Aug 28, 17",0.1690679433476093
2017-08-29,237.5365,239.579,237.4094,239.2858,51135715,51135715,0.273637,0.114,238.6989,"Aug 29, 17",0.1704061887982595
2017-08-30,239.2663,240.7224,239.061,240.4194,62030805,62030805,1.1336,0.474,240.1041,"Aug 30, 17",0.17595090752215248
2017-08-31,241.1133,242.1394,240.4559,241.8658,103803880,103803880,1.4464,0.602,241.5361,"Aug 31, 17",0.18302560861798772
2017-09-01,242.286,242.6867,242.0417,242.2079,62006989,62006989,0.342046,0.141,242.3791,"Sep 1, 17",0.1846989045560997
2017-09-05,241.641,241.8951,239.3835,240.4683,91398777,91398777,-1.7396,-0.718,240.4582,"Sep 5, 17",0.17619008954896825
2017-09-06,241.2306,241.6606,240.6344,241.2892,57916867,57916867,0.820911,0.341,241.1873,"Sep 6, 17",0.18020531502571818
2017-09-07,241.6313,241.6508,240.8006,241.2599,58034730,58034730,-0.029318,-0.012,241.1545,"Sep 7, 17",0.18006200145954837
2017-09-08,240.9374,241.4944,240.7029,240.9765,63832825,63832825,-0.283409,-0.117,241.0409,"Sep 8, 17",0.17867582177857513
2017-09-11,242.4033,243.6347,242.3838,243.5467,71364848,71364848,2.5702,1.067,243.2182,"Sep 11, 17",0.1912473073679803
2017-09-12,243.9572,244.4067,243.7519,244.3676,56896027,56896027,0.820911,0.337,244.0887,"Sep 12, 17",0.19526253284473033
2017-09-13,244.0451,244.524,243.9181,244.4849,59228002,59228002,0.117273,0.048,244.2953,"Sep 13, 17",0.19583627623420868
2017-09-14,244.1233,244.6315,243.9279,244.4067,95446349,95446349,-0.078182,-0.032,244.3224,"Sep 14, 17",0.19545378064122307
2017-09-15,244.2444,244.8336,244.1265,244.7354,95432382,95432382,0.328711,0.134,244.5266,"Sep 15, 17",0.19706153385624037
2017-09-18,245.1479,245.6488,244.8238,245.256,46235238,46235238,0.520527,0.213,245.271,"Sep 18, 17",0.19960791756094987
2017-09-19,245.531,245.5997,245.1381,245.5015,47108148,47108148,0.24553,0.1,245.4292,"Sep 19, 17",0.20080871894302085
2017-09-20,245.5997,245.7176,244.4703,245.5899,59574083,59574083,0.088392,0.036,245.2729,"Sep 20, 17",0.2012411052655263
2017-09-21,245.4131,245.5113,244.7305,244.9319,48211398,48211398,-0.658024,-0.268,245.1016,"Sep 21, 17",0.19802266408669647
2017-09-22,244.5979,245.1676,244.5685,244.981,51214032,51214032,0.049107,0.02,244.8559,"Sep 22, 17",0.1982628243631106
2017-09-25,244.6962,245.0921,243.6453,244.4801,57064357,57064357,-0.500884,-0.204,244.3249,"Sep 25, 17",0.19581279824384631
2017-09-26,244.9613,245.2363,244.3573,244.6274,54081959,54081959,0.147318,0.06,244.7875,"Sep 26, 17",0.19653327907308893
2017-09-27,245.4131,246.0122,244.4212,245.5801,81001426,81001426,0.95266,0.389,245.375,"Sep 27, 17",0.20119317103520326
2017-09-28,245.2658,245.9631,245.1676,245.8747,44778841,44778841,0.294638,0.12,245.658,"Sep 28, 17",0.2026341326936885
2017-09-29,245.8649,246.8274,245.6586,246.739,85578002,85578002,0.864268,0.352,246.3855,"Sep 29, 17",0.20686163833329752
2017-10-02,246.9943,247.8095,246.8005,247.8095,59022985,59022985,1.0705,0.434,247.4491,"Oct 2, 17",0.21209771930888632
2017-10-03,247.947,248.3693,247.7211,248.3398,66810169,66810169,0.530347,0.214,248.0359,"Oct 3, 17",0.2146915481191195
2017-10-04,248.1729,248.9095,248.0452,248.6345,55953619,55953619,0.294637,0.119,248.4893,"Oct 4, 17",0.21613299890240398
2017-10-05,249.0077,250.1273,248.6698,250.1077,63522757,63522757,1.4732,0.593,249.7101,"Oct 5, 17",0.22333878544442856
2017-10-06,249.6068,250.1477,249.3121,249.8228,80645998,80645998,-0.284815,-0.114,249.6686,"Oct 6, 17",0.22194526889146715
2017-10-09,250.0782,250.1469,249.1157,249.4103,35803138,35803138,-0.412492,-0.165,249.5313,"Oct 9, 17",0.2199276290947083
2017-10-10,250.0487,250.4907,249.4398,250.0684,43057363,43057363,0.658023,0.264,249.8974,"Oct 10, 17",0.22314655939833739
2017-10-11,249.9603,250.4612,249.7737,250.4612,47674325,47674325,0.392849,0.157,250.1751,"Oct 11, 17",0.225067841609651
2017-10-12,250.1077,250.5005,249.8179,250.088,47065144,47065144,-0.373207,-0.149,250.1633,"Oct 12, 17",0.22324242785898335
2017-10-13,250.5791,250.7067,250.088,250.3925,54800435,54800435,0.304458,0.122,250.4473,"Oct 13, 17",0.2247318128725909
2017-10-16,250.6478,250.9425,250.2648,250.7264,38221675,38221675,0.333923,0.133,250.6041,"Oct 16, 17",0.22636500057716735
2017-10-17,250.6675,250.9523,250.4219,250.9032,31560964,31560964,0.176781,0.071,250.6832,"Oct 17, 17",0.2272297732221781
2017-10-18,251.3255,251.3746,250.9326,251.1487,40888330,40888330,0.245531,0.098,251.1592,"Oct 18, 17",0.2284305746042491
2017-10-19,250.2746,251.2567,249.8032,251.2175,61903788,61903788,0.068749,0.027,250.6167,"Oct 19, 17",0.22876709246610857
2017-10-20,252.1112,252.5433,251.2021,252.5139,89176377,89176377,1.2964,0.516,252.1755,"Oct 20, 17",0.2351081063631224
2017-10-23,252.8772,252.9067,251.4433,251.5317,63915306,63915306,-0.982124,-0.389,252.0573,"Oct 23, 17",0.2303039225852398
2017-10-24,252.013,252.2389,251.571,251.9737,66935910,66935910,0.441955,0.176,251.8953,"Oct 24, 17",0.2324658541977669
2017-10-25,251.6005,251.7282,249.4595,250.7264,103715291,103715291,-1.2473,-0.495,250.4168,"Oct 25, 17",0.22636500057716735
2017-10-26,251.4139,251.7183,250.913,251.0505,69797972,69797972,0.3241,0.129,251.2895,"Oct 26, 17",0.22795025405142072
2017-10-27,251.8853,253.2799,251.0558,253.1031,85562544,85562544,2.0526,0.818,252.6437,"Oct 27, 17",0.2379900296800929
2017-10-30,252.4746,252.9951,251.8264,252.1603,54285687,54285687,-0.942838,-0.373,252.3458,"Oct 30, 17",0.23337856107310073
2017-10-31,252.5826,252.838,252.2143,252.5531,60304781,60304781,0.392849,0.156,252.5723,"Oct 31, 17",0.23529984328441436
2017-11-01,253.4272,253.8103,252.4746,252.8871,54202736,54202736,0.333923,0.132,253.1399,"Nov 1, 17",0.23693352011379004
2017-11-02,252.8085,253.1424,251.6103,252.9853,56449535,56449535,0.098212,0.039,252.536,"Nov 2, 17",0.23741384066661841
2017-11-03,253.1621,253.879,252.7005,253.8299,59589730,59589730,0.844626,0.334,253.444,"Nov 3, 17",0.2415449887207822
2017-11-06,253.6826,254.3701,253.604,254.2228,49652598,49652598,0.39285,0.155,254.0939,"Nov 6, 17",0.24346676005689505
2017-11-07,254.3406,254.7138,253.4763,254.046,57502161,57502161,-0.176782,-0.07,254.003,"Nov 7, 17",0.24260198741188416
2017-11-08,253.8495,254.5861,253.5353,254.4781,50469579,50469579,0.432134,0.17,254.1438,"Nov 8, 17",0.2447154956692891
2017-11-09,253.1228,253.771,251.7773,253.5549,93981044,93981044,-0.923196,-0.363,252.9015,"Nov 9, 17",0.24019989552294294
2017-11-10,253.1228,253.6753,252.7692,253.4763,59984662,59984662,-0.07857,-0.031,253.2641,"Nov 10, 17",0.23981544343076053
2017-11-13,252.7103,253.9674,252.671,253.712,50228648,50228648,0.23571,0.093,253.497,"Nov 13, 17",0.24096831058250848
2017-11-14,252.8085,253.2406,251.9344,253.1228,61315152,61315152,-0.589274,-0.232,252.8293,"Nov 14, 17",0.2380863872655381
2017-11-15,252.0326,252.6219,251.0603,251.8558,80811525,80811525,-1.2669,-0.501,251.8829,"Nov 15, 17",0.2318891760594932
2017-11-16,252.9165,254.4094,252.8721,253.9969,67777027,67777027,2.141,0.85,253.7372,"Nov 16, 17",0.24236182713547003
2017-11-17,253.604,253.9656,253.1621,253.2504,75756833,75756833,-0.746415,-0.294,253.4604,"Nov 17, 17",0.23871051050933553
2017-11-20,253.5254,253.9036,253.2504,253.6826,48075514,48075514,0.432135,0.171,253.6192,"Nov 20, 17",0.24082450789153959
2017-11-21,254.5469,255.5486,253.646,255.3424,69176799,69176799,1.6598,0.654,255.1826,"Nov 21, 17",0.248943001308898
2017-11-22,255.3522,255.4995,254.9299,255.1165,45033392,45033392,-0.225888,-0.088,255.1951,"Nov 22, 17",0.24783806838747297
2017-11-24,255.6665,255.8236,255.5093,255.7058,27856514,27856514,0.589274,0.231,255.6744,"Nov 24, 17",0.2507204808292427
2017-11-27,255.7549,256.0888,255.3522,255.5781,52274922,52274922,-0.127676,-0.05,255.7012,"Nov 27, 17",0.2500958684606461
2017-11-28,256.0986,258.2004,255.9955,258.1709,98971719,98971719,2.5928,1.014,257.1635,"Nov 28, 17",0.2627778962546737
2017-11-29,258.3182,258.9173,257.5129,258.0138,77512102,77512102,-0.157139,-0.061,258.0369,"Nov 29, 17",0.26200948119510803
2017-11-30,259.045,261.294,258.9566,260.2726,127894389,127894389,2.2589,0.875,259.9978,"Nov 30, 17",0.27305783215976
2017-12-01,260.0271,260.5673,256.0986,259.7325,164390902,164390902,-0.540167,-0.208,258.7139,"Dec 1, 17",0.27041606911920374
2017-12-04,261.5494,262.0306,259.3593,259.4182,94040560,94040560,-0.314281,-0.121,260.688,"Dec 4, 17",0.26887874987527327
2017-12-05,259.703,260.4101,258.3379,258.4852,77994544,77994544,-0.933018,-0.36,259.2136,"Dec 5, 17",0.26431521549860415
2017-12-06,258.1709,259.0155,258.0138,258.5343,75898566,75898566,0.049107,0.019,258.5239,"Dec 6, 17",0.26455537577501814
2017-12-07,258.387,259.703,258.2396,259.3494,77218569,77218569,0.815162,0.315,259.1741,"Dec 7, 17",0.2685422320134138
2017-12-08,260.253,260.7735,259.3116,260.7637,76563873,76563873,1.4143,0.545,260.4211,"Dec 8, 17",0.27545992404870107
2017-12-11,260.8324,261.6181,260.7335,261.5494,83077533,83077533,0.785699,0.301,261.2167,"Dec 11, 17",0.27930297759612766
2017-12-12,261.8047,262.5413,261.5838,262.011,85195750,85195750,0.4616,0.176,262.1247,"Dec 12, 17",0.28156077766930093
2017-12-13,262.286,262.777,261.8833,261.9815,102905409,102905409,-0.029464,-0.011,262.3388,"Dec 13, 17",0.2814164858535325
2017-12-14,262.3056,262.4431,260.8521,260.911,100666692,100666692,-1.0705,-0.409,261.5015,"Dec 14, 17",0.2761804048779438
2017-12-15,262.0734,263.5935,261.9648,263.0704,144610290,144610290,2.1594,0.828,262.8959,"Dec 15, 17",0.2867425657921768
2017-12-18,264.6004,265.1334,264.5214,264.7386,83653572,83653572,1.6682,0.634,264.8064,"Dec 18, 17",0.2949021456926693
2017-12-19,265.0199,265.0643,263.6429,263.7219,82382876,82382876,-1.0167,-0.384,264.1016,"Dec 19, 17",0.28992921385905773
2017-12-20,264.7978,264.8669,263.2481,263.5837,76751500,76751500,-0.138194,-0.052,263.8089,"Dec 20, 17",0.28925324338654373
2017-12-21,264.2154,264.9212,263.8502,264.1266,67032339,67032339,0.542902,0.206,264.3433,"Dec 21, 17",0.2919087019214779
2017-12-22,264.1562,264.1809,263.4553,264.0575,78720873,78720873,-0.069097,-0.026,263.8986,"Dec 22, 17",0.29157071668522083
2017-12-26,263.6034,263.9861,263.4405,263.7416,45244433,45244433,-0.31587,-0.12,263.6844,"Dec 26, 17",0.29002557144450297
2017-12-27,263.9292,264.2746,263.5639,263.8699,57750986,57750986,0.128323,0.049,263.8798,"Dec 27, 17",0.29065311856189474
2017-12-28,264.4326,264.4622,263.9982,264.4128,45116139,45116139,0.542901,0.206,264.1958,"Dec 28, 17",0.29330857709682917
2017-12-29,265.0643,265.0841,263.1987,263.4159,96007424,96007424,-0.996965,-0.377,263.95,"Dec 29, 17",0.28843249197346216
2018-01-02,264.3832,265.3407,263.9489,265.3012,86655749,86655749,1.8853,0.716,264.7287,"Jan 2, 18",0.29765396181304865
2018-01-03,265.4888,267.1471,265.4888,266.9793,90070416,90070416,1.6781,0.633,266.5465,"Jan 3, 18",0.3058619650686635
2018-01-04,267.6999,268.6475,267.053,268.1046,80636408,80636408,1.1253,0.421,268.1419,"Jan 4, 18",0.3113660864342216
2018-01-05,268.9929,270.0294,268.4402,269.8912,83523995,83523995,1.7866,0.666,269.3244,"Jan 5, 18",0.32010479009698384
2018-01-08,269.7826,270.5624,269.4569,270.3847,57319192,57319192,0.493546,0.183,270.2053,"Jan 8, 18",0.3225186209811062
2018-01-09,270.8585,271.6976,270.5437,270.9967,57253957,57253957,0.611999,0.226,271.1178,"Jan 9, 18",0.3255120647522973
2018-01-10,270.1478,270.8783,269.3977,270.5822,69574318,69574318,-0.41458,-0.153,270.2956,"Jan 10, 18",0.3234846424595543
2018-01-11,271.204,272.5564,271.0165,272.5564,62361455,62361455,1.9742,0.73,271.909,"Jan 11, 18",0.3331409442456424
2018-01-12,272.8525,274.5207,272.5187,274.3331,90816076,90816076,1.7768,0.652,273.8637,"Jan 12, 18",0.34183122455328235
2018-01-16,275.7447,276.4751,272.6156,273.3954,106555142,106555142,-0.937739,-0.342,274.4192,"Jan 16, 18",0.3372447013110501
2018-01-17,274.4417,276.4356,273.3954,276.0013,113258799,113258799,2.6059,0.953,275.2547,"Jan 17, 18",0.3499908044537749
2018-01-18,275.873,276.3468,274.9846,275.5374,100728006,100728006,-0.463933,-0.168,275.658,"Jan 18, 18",0.34772175451021975
2018-01-19,276.1889,276.791,275.5374,276.791,140920098,140920098,1.2536,0.455,276.2096,"Jan 19, 18",0.35385342299316985
2018-01-22,276.5541,279.0416,276.4949,279.0416,91322408,91322408,2.2506,0.813,278.1589,"Jan 22, 18",0.36486166572428635
2018-01-23,279.0909,279.9596,278.7257,279.6338,97084700,97084700,0.592256,0.212,279.4502,"Jan 23, 18",0.3677582627852332
2018-01-24,280.3544,281.0256,278.2025,279.5252,134816117,134816117,-0.10858,-0.039,279.6303,"Jan 24, 18",0.36722707325328635
2018-01-25,280.4926,280.6012,278.7602,279.6437,84587313,84587313,0.118451,0.042,279.6254,"Jan 25, 18",0.3678066861403555
2018-01-26,280.5814,282.9292,280.2952,282.8814,107743119,107743119,3.2377,1.158,281.7744,"Jan 26, 18",0.3836430797645157
2018-01-29,282.2397,282.7333,280.8282,281.0059,90118337,90118337,-1.8755,-0.663,281.6411,"Jan 29, 18",0.37446954415525213
2018-01-30,278.9527,281.0612,277.5905,278.1236,131796419,131796419,-2.8823,-1.026,278.4781,"Jan 30, 18",0.3603715000674993
2018-01-31,279.081,279.6437,277.0575,278.2618,118948131,118948131,0.138194,0.05,278.244,"Jan 31, 18",0.36104747054001335
2018-02-01,277.4425,279.4068,277.0575,277.9459,90102470,90102470,-0.315871,-0.114,278.0779,"Feb 1, 18",0.3595023252992955
2018-02-02,276.4652,276.6133,271.8555,271.895,173174790,173174790,-6.0509,-2.177,273.7162,"Feb 2, 18",0.32990587282363915
2018-02-05,269.9208,272.2898,259.9117,260.5237,294681816,294681816,-11.3713,-4.182,266.4465,"Feb 5, 18",0.27428602453058704
2018-02-06,256.5852,266.2192,255.3612,265.6566,355026782,355026782,5.1329,1.97,261.3261,"Feb 6, 18",0.2993923113494563
2018-02-07,265.0347,268.8449,264.1266,264.2154,167376100,167376100,-1.4412,-0.542,266.1851,"Feb 7, 18",0.2923430447431801
2018-02-08,264.551,264.709,254.2655,254.305,246449505,246449505,-9.9104,-3.751,259.2353,"Feb 8, 18",0.24386882064184917
2018-02-09,257.4341,260.2078,249.6558,258.125,283565315,283565315,3.8201,1.502,254.8516,"Feb 9, 18",0.26255338797183425
2018-02-12,260.425,263.5639,258.2873,261.9155,143735976,143735976,3.7904,1.468,261.2913,"Feb 12, 18",0.2810936634860512
2018-02-13,260.5632,263.179,259.9117,262.567,81223640,81223640,0.651482,0.249,261.6453,"Feb 13, 18",0.28428031155293215
2018-02-14,260.8988,266.5153,260.8889,266.1106,120735685,120735685,3.5437,1.35,264.3086,"Feb 14, 18",0.3016129379378889
2018-02-15,268.0651,269.5161,265.3012,269.5062,111200286,111200286,3.3956,1.276,267.7735,"Feb 15, 18",0.31822165962000865
2018-02-16,268.8054,271.7667,268.756,269.5852,160420135,160420135,0.078968,0.029,270.0269,"Feb 16, 18",0.31860806821138793
2018-02-20,268.5191,270.138,267.0089,267.8973,86369662,86369662,-1.6879,-0.626,268.5232,"Feb 20, 18",0.3103521307254502
2018-02-21,268.3908,271.1744,266.4561,266.5647,98883740,98883740,-1.3326,-0.497,268.8372,"Feb 21, 18",0.3038340536511211
2018-02-22,267.6011,269.526,266.16,266.9102,110511290,110511290,0.345483,0.13,267.5154,"Feb 22, 18",0.3055239798324062
2018-02-23,268.2822,271.1646,267.7492,271.1646,92766428,92766428,4.2544,1.594,269.6415,"Feb 23, 18",0.32633330529017823
2018-02-26,272.3688,274.422,271.7075,274.3134,86491406,86491406,3.1488,1.161,273.3155,"Feb 26, 18",0.34173486696783717
2018-02-27,274.5207,275.3202,270.8191,270.8882,99099165,99099165,-3.4252,-1.249,272.806,"Feb 27, 18",0.3249813643451499
2018-02-28,272.122,272.6254,267.7887,268.144,121907767,121907767,-2.7441,-1.013,270.1324,"Feb 28, 18",0.311558801605112
2018-03-01,267.9071,269.6444,262.567,264.245,176855077,176855077,-3.899,-1.454,265.4462,"Mar 1, 18",0.2924878256837476
2018-03-02,262.3695,266.239,261.4022,265.6072,139083217,139083217,1.3622,0.516,263.7239,"Mar 2, 18",0.2991506836986443
2018-03-05,264.2746,269.368,264.1562,268.6771,97307387,97307387,3.0699,1.156,267.3816,"Mar 5, 18",0.3141663259097232
2018-03-06,269.7727,269.8616,267.6801,269.3582,79213163,79213163,0.681096,0.253,268.8578,"Mar 6, 18",0.3174977549171717
2018-03-07,266.9299,269.6543,266.7128,269.2595,87063502,87063502,-0.09871,-0.037,268.1324,"Mar 7, 18",0.31701498874034717
2018-03-08,270.0195,270.7006,268.9041,270.5624,66901150,66901150,1.303,0.484,269.8275,"Mar 8, 18",0.32338779574931
2018-03-09,272.1418,275.2709,271.7864,275.2709,113625335,113625335,4.7084,1.74,273.9409,"Mar 9, 18",0.3464182369203137
2018-03-12,275.5966,276.2974,274.4912,274.9254,71924793,71924793,-0.345483,-0.126,275.258,"Mar 12, 18",0.3447283107390286
2018-03-13,276.2283,276.791,272.4675,273.1486,91968937,91968937,-1.7768,-0.646,274.2759,"Mar 13, 18",0.33603754130658925
2018-03-14,274.2245,274.4318,271.1251,271.7469,105895079,105895079,-1.4017,-0.513,272.0762,"Mar 14, 18",0.3291814789960028
2018-03-15,272.3194,273.04,270.8882,271.4508,83433038,83433038,-0.296129,-0.109,271.7532,"Mar 15, 18",0.3277331804655295
2018-03-16,272.0422,272.9242,271.6854,271.7448,100343673,100343673,0.294043,0.108,272.2229,"Mar 16, 18",0.3291712073752194
2018-03-19,270.9025,271.9388,266.2148,268.0681,109208442,109208442,-3.6768,-1.353,267.9763,"Mar 19, 18",0.3111875558825084
2018-03-20,268.514,269.2375,267.7608,268.5239,59757271,59757271,0.455881,0.17,268.5191,"Mar 20, 18",0.3134169867173271
2018-03-21,268.4744,270.8232,267.7708,268.0086,78709578,78709578,-0.515344,-0.192,268.9814,"Mar 21, 18",0.31089652662697587
2018-03-22,265.5112,266.4626,261.0019,261.3091,148785916,148785916,-6.6995,-2.5,263.6122,"Mar 22, 18",0.27812761070361586
2018-03-23,261.8047,262.647,255.5214,255.7395,183534751,183534751,-5.5697,-2.131,258.9231,"Mar 23, 18",0.2508853158865778
2018-03-26,259.7829,263.0534,257.0873,262.7362,141956102,141956102,6.9968,2.736,260.2892,"Mar 26, 18",0.2851079107132027
2018-03-27,263.7867,264.3814,256.5224,258.2666,129941445,129941445,-4.4696,-1.701,260.7434,"Mar 27, 18",0.2632459886875216
2018-03-28,258.4153,260.2884,256.2647,257.5035,146452306,146452306,-0.763106,-0.295,257.9689,"Mar 28, 18",0.25951347734471747
2018-03-29,258.782,262.8849,257.5123,260.7938,124244790,124244790,3.2903,1.278,260.5212,"Mar 29, 18",0.2756071506132646
2018-04-02,260.1992,260.774,252.3897,255.1646,186286343,186286343,-5.6291,-2.158,255.0978,"Apr 2, 18",0.24807333741589505
2018-04-03,256.5521,258.9703,254.5403,258.4351,119956861,119956861,3.2705,1.282,256.7157,"Apr 3, 18",0.2640701639741976
2018-04-04,254.4511,261.988,254.3024,261.2001,123715339,123715339,2.765,1.07,258.3314,"Apr 4, 18",0.2775944646724724
2018-04-05,263.1723,264.2525,261.9533,263.2615,82652618,82652618,2.0614,0.789,263.1914,"Apr 5, 18",0.2876772832834753
2018-04-06,261.0614,262.7362,255.6899,257.3945,179521209,179521209,-5.867,-2.229,258.6497,"Apr 6, 18",0.258980331313574
2018-04-09,259.0297,262.4687,257.6082,258.663,105442932,105442932,1.2685,0.493,260.0541,"Apr 9, 18",0.26518487939160706
2018-04-10,261.9038,263.6579,260.6253,262.7759,105573736,105573736,4.1128,1.59,262.281,"Apr 10, 18",0.28530209325849065
2018-04-11,261.1109,263.2615,261.0316,261.3983,91140243,91140243,-1.3776,-0.524,261.835,"Apr 11, 18",0.27856391002451497
2018-04-12,262.8849,264.6093,262.6867,263.5489,68890480,68890480,2.1506,0.823,263.7056,"Apr 12, 18",0.28908302795641705
2018-04-13,265.0156,265.1445,261.6461,262.7759,85079176,85079176,-0.773016,-0.293,263.0695,"Apr 13, 18",0.28530209325849065
2018-04-16,264.6093,265.7986,263.6876,264.9364,63405287,63405287,2.1605,0.822,264.8532,"Apr 16, 18",0.295869634545515
2018-04-17,266.9185,268.4447,266.3436,267.7708,64682036,64682036,2.8344,1.07,267.5618,"Apr 17, 18",0.3097333878544444
2018-04-18,268.2663,268.8708,267.4536,267.969,57303857,57303857,0.198209,0.074,268.301,"Apr 18, 18",0.31070283320648695
2018-04-19,267.2356,267.4635,265.3229,266.4824,77655909,77655909,-1.4866,-0.555,266.2853,"Apr 19, 18",0.3034315039413676
2018-04-20,266.4031,266.6509,263.2318,264.2228,99953133,99953133,-2.2596,-0.848,264.4786,"Apr 20, 18",0.29237923997832205
2018-04-23,264.867,265.4913,262.9741,264.1832,65557954,65557954,-0.039642,-0.015,264.245,"Apr 23, 18",0.2921855465578332
2018-04-24,265.3328,265.5768,258.9405,260.6253,112885452,112885452,-3.5579,-1.347,261.57,"Apr 24, 18",0.2747829753265886
2018-04-25,260.5559,261.765,258.5144,261.2695,103756753,103756753,0.64418,0.247,260.1599,"Apr 25, 18",0.27793391728312694
2018-04-26,262.4191,264.8523,261.9236,263.9255,67731942,67731942,2.656,1.017,263.4809,"Apr 26, 18",0.29092507195025796
2018-04-27,264.6093,264.9463,263.1227,264.1733,57053647,57053647,0.247761,0.094,264.1372,"Apr 27, 18",0.29213712320271085
2018-04-30,264.867,265.4913,262.0623,262.1416,82182324,82182324,-2.0316,-0.769,263.4001,"Apr 30, 18",0.28219957465707457
2018-05-01,261.5073,262.7263,259.7631,262.6074,74203365,74203365,0.465791,0.178,261.2226,"May 1, 18",0.2844779179718146
2018-05-02,262.3894,263.3011,260.4073,260.8433,86368943,86368943,-1.7641,-0.672,261.7614,"May 2, 18",0.2758492673888758
2018-05-03,259.9118,261.0019,256.7305,260.2685,136311479,136311479,-0.574807,-0.22,258.9163,"May 3, 18",0.27303777804299223
2018-05-04,259.1784,264.4004,258.8117,263.6381,91222075,91222075,3.3696,1.295,262.6025,"May 4, 18",0.2895193272773162
2018-05-07,264.5003,265.6202,263.7273,264.53,55304907,55304907,0.891941,0.338,264.7293,"May 7, 18",0.29388183136150814
2018-05-08,264.1138,264.9314,262.7759,264.53,67499247,67499247,0,0,263.8901,"May 8, 18",0.29388183136150814
2018-05-09,265.2832,267.4487,264.6985,267.0869,59666143,59666143,2.5569,0.967,266.2528,"May 9, 18",0.306388263352618
2018-05-10,267.9194,269.9511,267.8005,269.5844,72063931,72063931,2.4974,0.935,269.0485,"May 10, 18",0.3186041552129944
2018-05-11,269.7231,270.7043,269.1483,270.4069,59871511,59871511,0.822568,0.305,269.9968,"May 11, 18",0.3226272066865317
2018-05-14,270.8926,271.6259,269.9213,270.5358,54790606,54790606,0.128836,0.048,270.6555,"May 14, 18",0.32325768855271886
2018-05-15,269.1582,269.178,267.6122,268.6726,87036136,87036136,-1.8632,-0.689,268.2654,"May 15, 18",0.3141443152937585
2018-05-16,268.7122,270.3177,268.6825,269.8024,53942631,53942631,1.1298,0.421,269.5274,"May 16, 18",0.3196704472752813
2018-05-17,269.5051,270.7835,268.7023,269.5745,56536400,56536400,-0.227941,-0.084,269.7046,"May 17, 18",0.3185557318578721
2018-05-18,269.188,269.5943,268.5041,268.9005,64367959,64367959,-0.673911,-0.25,269.0865,"May 18, 18",0.315259030711168
2018-05-21,270.5655,271.5268,268.9216,270.9223,58025875,58025875,2.0217,0.752,270.7966,"May 21, 18",0.32514815590168206
2018-05-22,271.507,271.7944,269.8024,270.1691,52966358,52966358,-0.753195,-0.278,270.8258,"May 22, 18",0.32146406791400023
2018-05-23,268.742,270.9421,268.5636,270.9124,64694184,64694184,0.743285,0.275,269.6357,"May 23, 18",0.32509973254655977
2018-05-24,270.4664,270.7736,268.3555,270.3574,76043827,76043827,-0.554986,-0.205,269.8091,"May 24, 18",0.3223850899109205
2018-05-25,269.7132,270.4168,269.1483,269.7132,56374755,56374755,-0.64418,-0.238,269.7488,"May 25, 18",0.31923414795438215
2018-05-29,267.8897,268.742,265.3625,266.6112,115908607,115908607,-3.102,-1.15,266.6164,"May 29, 18",0.3040614966827556
2018-05-30,268.078,270.6646,267.9987,270.1691,69678449,69678449,3.5579,1.334,269.5676,"May 30, 18",0.32146406791400023
2018-05-31,269.7132,270.0502,267.8352,268.514,93519941,93519941,-1.655,-0.613,268.7541,"May 31, 18",0.3133685633622048
2018-06-01,269.9709,271.4872,269.8916,271.1502,71258411,71258411,2.6362,0.982,270.7778,"Jun 1, 18",0.32626287131909126
2018-06-04,272.0719,272.721,271.8043,272.4386,45385166,45385166,1.2884,0.475,272.3304,"Jun 4, 18",0.33256475523216805
2018-06-05,272.5872,273.0629,271.725,272.6368,51135038,51135038,0.198209,0.073,272.5252,"Jun 5, 18",0.3335342005842107
2018-06-06,273.3206,275.0351,272.6269,274.9162,62732215,62732215,2.2794,0.836,273.919,"Jun 6, 18",0.3446833112575008
2018-06-07,275.4613,275.7883,273.8657,274.8865,72969402,72969402,-0.029732,-0.011,274.7549,"Jun 7, 18",0.34453804119213416
2018-06-08,274.3711,275.7586,274.1828,275.6991,72139719,72139719,0.812659,0.296,275.0546,"Jun 8, 18",0.3485126693105492
2018-06-11,275.9469,276.8686,275.8181,276.0658,58892515,58892515,0.366686,0.133,276.3334,"Jun 11, 18",0.3503062899492681
2018-06-12,276.5316,276.8289,275.6991,276.4226,72329028,72329028,0.356778,0.129,276.2909,"Jun 12, 18",0.35205148723286445
2018-06-13,276.6902,276.9776,275.3126,275.5406,79070610,79070610,-0.882032,-0.319,276.1983,"Jun 13, 18",0.3477374065037946
2018-06-14,276.5118,276.8289,275.5702,276.2343,77097620,77097620,0.693733,0.252,276.1778,"Jun 14, 18",0.35113046523594416
2018-06-15,275.3539,276.2598,274.1095,275.8815,120041562,120041562,-0.35276,-0.128,275.2907,"Jun 15, 18",0.3494048329443162
2018-06-18,274.2489,275.4535,273.7113,275.3141,52917581,52917581,-0.567432,-0.206,274.8031,"Jun 18, 18",0.34662953883357434
2018-06-19,272.7656,274.5077,272.2977,274.2589,97531510,97531510,-1.0552,-0.383,273.4284,"Jun 19, 18",0.3414682939522653
2018-06-20,275.0254,275.4734,274.3485,274.7268,53785486,53785486,0.467882,0.171,274.8895,"Jun 20, 18",0.34375690888778904
2018-06-21,274.7168,274.7367,272.4471,273.0045,71061404,71061404,-1.7222,-0.627,273.2836,"Jun 21, 18",0.3353327124709216
2018-06-22,274.4182,274.5426,273.2534,273.5023,56612003,56612003,0.497747,0.182,273.9148,"Jun 22, 18",0.33776757572141014
2018-06-25,272.2082,272.3836,267.8877,269.7791,137854162,137854162,-3.7232,-1.361,269.5898,"Jun 25, 18",0.31955648119706465
2018-06-26,270.4163,271.3321,269.5701,270.3764,68683211,68683211,0.597297,0.221,270.467,"Jun 26, 18",0.3224780236227713
2018-06-27,271.0335,272.6312,267.9673,268.1366,104960655,104960655,-2.2399,-0.828,269.8775,"Jun 27, 18",0.31152260636997003
2018-06-28,268.0768,270.5258,267.2805,269.6696,76650517,76650517,1.5331,0.572,268.7326,"Jun 28, 18",0.31902088954192487
2018-06-29,270.8941,272.4272,269.928,270.0579,97592499,97592499,0.388243,0.144,271.1311,"Jun 29, 18",0.32092016113727395
2018-07-02,268.2959,270.8145,268.0271,270.6353,63554774,63554774,0.577387,0.214,269.2809,"Jul 2, 18",0.32374436772793697
2018-07-03,271.6407,271.7502,269.2018,269.6796,42187071,42187071,-0.955675,-0.353,270.5808,"Jul 3, 18",0.31906980202184626
2018-07-05,270.9439,271.9493,269.7393,271.8796,56925919,56925919,2.2,0.816,271.0531,"Jul 5, 18",0.32983054760456015
2018-07-06,271.9095,274.5973,271.4864,274.1792,66493696,66493696,2.2996,0.846,273.6975,"Jul 6, 18",0.3410784614872915
2018-07-09,275.3041,276.7078,275.2544,276.6481,50550399,50550399,2.4688,0.9,276.1053,"Jul 9, 18",0.3531544636550927
2018-07-10,277.1558,277.7531,276.8272,277.6436,51966829,51966829,0.995495,0.36,277.3605,"Jul 10, 18",0.35802370103127074
2018-07-11,275.9014,276.7874,275.2743,275.6127,77054739,77054739,-2.0308,-0.731,275.9289,"Jul 11, 18",0.3480900654840282
2018-07-12,277.0263,278.1712,276.3494,278.1114,60124687,60124687,2.4987,0.907,277.5327,"Jul 12, 18",0.36031182684199514
2018-07-13,277.9123,278.6689,277.4046,278.3304,48234964,48234964,0.219009,0.079,278.2473,"Jul 13, 18",0.36138301015227436
2018-07-16,278.3802,278.5425,277.5838,278.0816,48201038,48201038,-0.248874,-0.089,278.0245,"Jul 16, 18",0.3601660676518292
2018-07-17,277.2155,279.6445,277.1558,279.2065,52315500,52315500,1.1249,0.405,278.7658,"Jul 17, 18",0.3656682325181906
2018-07-18,279.2961,279.9133,278.7983,279.7938,44593465,44593465,0.587342,0.21,279.5082,"Jul 18, 18",0.3685408624639759
2018-07-19,279.0472,279.4753,278.201,278.7386,61412117,61412117,-1.0552,-0.377,278.8329,"Jul 19, 18",0.3633796175826671
2018-07-20,278.5096,279.2164,278.2409,278.42,82372729,82372729,-0.318558,-0.114,278.6263,"Jul 20, 18",0.3618212659723704
2018-07-23,278.1911,279.1667,277.8028,278.9377,47047565,47047565,0.517657,0.186,278.5993,"Jul 23, 18",0.36435346505790267
2018-07-24,280.5205,281.2871,279.3658,280.3413,68026935,68026935,1.4036,0.503,280.3347,"Jul 24, 18",0.37121882073967405
2018-07-25,280.0626,283.0889,280.0128,282.7305,78882927,78882927,2.3892,0.852,281.4299,"Jul 25, 18",0.3829049904425015
2018-07-26,281.9242,282.8301,281.8147,282.0636,57919495,57919495,-0.666982,-0.236,282.1685,"Jul 26, 18",0.37964301715654153
2018-07-27,282.4319,282.5414,279.1169,280.1522,76783177,76783177,-1.9114,-0.678,280.383,"Jul 27, 18",0.3702938857443599
2018-07-30,280.2418,280.421,278.1015,278.6888,63742508,63742508,-1.4634,-0.522,278.9203,"Jul 30, 18",0.3631360334326584
2018-07-31,279.545,280.7495,279.1169,280.0626,68570493,68570493,1.3738,0.493,279.9096,"Jul 31, 18",0.3698556299242638
2018-08-01,280.2916,280.859,278.8695,279.5947,53853326,53853326,-0.467882,-0.167,279.8088,"Aug 1, 18",0.36756701498874034
2018-08-02,278.1313,281.307,277.9024,281.1178,63426363,63426363,1.5231,0.545,280.073,"Aug 2, 18",0.3750168748055729
2018-08-03,281.2572,282.3798,281.0581,282.3224,53935386,53935386,1.2045,0.428,281.8402,"Aug 3, 18",0.3809088721369081
2018-08-06,282.3622,283.7061,281.9257,283.3577,39400887,39400887,1.0353,0.367,283.0858,"Aug 6, 18",0.38597278118317346
2018-08-07,284.1043,284.7215,283.955,284.2935,43196646,43196646,0.935765,0.33,284.3662,"Aug 7, 18",0.39055001105422044
2018-08-08,284.1043,284.622,283.6563,284.174,42114551,42114551,-0.119459,-0.042,284.208,"Aug 8, 18",0.3899655069191593
2018-08-09,284.2437,284.6817,283.6315,283.7858,35716976,35716976,-0.388243,-0.137,284.1976,"Aug 9, 18",0.3880667244486096
2018-08-10,282.1731,282.7753,281.088,281.8844,77076044,77076044,-1.9014,-0.67,281.9426,"Aug 10, 18",0.37876650551634966
2018-08-13,282.193,282.8799,280.5006,280.8291,65732909,65732909,-1.0552,-0.374,281.429,"Aug 13, 18",0.37360477151024124
2018-08-14,281.6454,282.8898,281.2107,282.621,43842031,43842031,1.7919,0.638,282.346,"Aug 14, 18",0.38236939878736176
2018-08-15,281.1079,281.2672,278.8979,280.5106,102925355,102925355,-2.1105,-0.747,279.8269,"Aug 15, 18",0.3720469090247439
2018-08-16,282.1233,283.7559,282.0835,282.7803,69967919,69967919,2.2697,0.809,282.8417,"Aug 16, 18",0.3831485745925102
2018-08-17,282.5513,284.2737,282.0934,283.7758,65618481,65618481,0.995495,0.352,283.2735,"Aug 17, 18",0.38801781196868823
2018-08-20,284.2835,284.6817,283.7758,284.3831,39807490,39807490,0.607252,0.214,284.2979,"Aug 20, 18",0.39098826687431654
2018-08-21,284.9604,286.0157,284.4264,285.05,67271983,67271983,0.666981,0.235,285.3532,"Aug 21, 18",0.3942502401602765
2018-08-22,284.5921,285.4681,284.2885,284.8808,44993333,44993333,-0.169234,-0.059,284.9517,"Aug 22, 18",0.393422641000006
2018-08-23,284.6817,285.6473,284.1441,284.5025,49204851,49204851,-0.378288,-0.133,284.6944,"Aug 23, 18",0.3915722818845783
2018-08-24,285.1496,286.374,285.0899,286.2148,57487399,57487399,1.7123,0.602,285.8819,"Aug 24, 18",0.39994756582152435
2018-08-27,287.5587,288.594,287.3795,288.4745,57072377,57072377,2.2598,0.79,288.1616,"Aug 27, 18",0.411000318909369
2018-08-28,288.9922,289.1092,288.0963,288.6139,46943472,46943472,0.139369,0.048,288.5707,"Aug 28, 18",0.4116821588794738
2018-08-29,288.8528,290.4257,288.5795,290.1669,61485514,61485514,1.553,0.538,289.8366,"Aug 29, 18",0.4192782670112714
2018-08-30,289.6293,290.0474,288.3252,288.9922,61229501,61229501,-1.1747,-0.405,289.2491,"Aug 30, 18",0.41353251799490154
2018-08-31,288.5343,289.4999,287.9867,289.0022,66140838,66140838,0.009954,0.003,288.6682,"Aug 31, 18",0.4135814304748229
2018-09-04,288.5343,288.9026,287.3795,288.5044,57594367,57594367,-0.497747,-0.172,288.1094,"Sep 4, 18",0.41114656722433407
2018-09-05,288.1062,288.3352,286.5931,287.7279,72452437,72452437,-0.776486,-0.269,287.4572,"Sep 5, 18",0.4073485131584353
2018-09-06,287.8474,288.1858,285.7071,286.8618,65909863,65909863,-0.866081,-0.301,286.6849,"Sep 6, 18",0.4031122032724407
2018-09-07,285.6872,287.3994,285.4184,286.3044,73524824,73524824,-0.557477,-0.194,286.2286,"Sep 7, 18",0.4003858216416202
2018-09-10,287.4392,287.7379,286.5831,286.8021,50191113,50191113,0.497748,0.174,286.9895,"Sep 10, 18",0.40282019576730965
2018-09-11,286.0754,288.2456,285.6822,287.7478,50530492,50530492,0.94572,0.33,287.387,"Sep 11, 18",0.4074458489934789
2018-09-12,287.7578,288.4945,286.9315,287.8175,59810758,59810758,0.069684,0.024,287.6674,"Sep 12, 18",0.40778676897853133
2018-09-13,289.0121,289.7273,288.6886,289.5198,51034222,51034222,1.7023,0.591,289.2448,"Sep 13, 18",0.41611314043555575
2018-09-14,289.7488,289.9578,288.6936,289.5696,55079875,55079875,0.049775,0.017,289.4226,"Sep 14, 18",0.4163567245855645
2018-09-17,289.5099,289.5497,287.7279,288.0365,68244043,68244043,-1.5331,-0.529,288.4711,Sep 17,0.40885795228881056
2018-09-18,288.2754,290.2664,288.2456,289.5994,61930407,61930407,1.5629,0.543,289.5405,Sep 18,0.41650248377573046
2018-09-19,289.6592,290.3759,289.5148,289.9081,49080562,49080562,0.308604,0.107,289.9214,Sep 19,0.41801241203090483
2018-09-20,291.3217,292.6158,289.9243,292.2574,100360646,100360646,2.3494,0.81,291.7806,Sep 20,0.4295034209388458
2018-09-21,293.09,293.22,291.81,291.99,105479656,105479656,-0.267422,-0.092,292.4483,Sep 21,0.42819550122574684
2018-09-24,291.34,291.5,290.37,291.02,53409645,53409645,-0.97,-0.332,290.9485,Sep 24,0.4234509906733683
2018-09-25,291.53,291.65,290.4833,290.75,44370037,44370037,-0.27,-0.093,290.9539,Sep 25,0.42213035371548985
2018-09-26,290.91,292.24,289.41,289.88,79739674,79739674,-0.87,-0.299,290.7463,Sep 26,0.41787496796232565
2018-09-27,290.41,291.91,290.1,290.69,59249455,59249455,0.81,0.279,290.9498,Sep 27,0.42183687883596127
2018-09-28,289.99,291.28,289.95,290.72,70091385,70091385,0.03,0.01,290.5499,Sep 28,0.42198361627572567
2018-10-01,292.11,292.93,290.98,291.73,62078937,62078937,1.01,0.347,291.9815,Oct 1,0.42692377674778975
2018-10-02,291.56,292.355,291.14,291.56,47258227,47258227,-0.17,-0.058,291.6967,Oct 2,0.4260922645891254
2018-10-03,292.74,293.21,291.32,291.72,64694594,64694594,0.16,0.055,292.2394,Oct 3,0.42687486426786836
2018-10-04,291.18,291.24,287.66,289.44,111545910,111545910,-2.28,-0.782,289.0874,Oct 4,0.4157228188457829
2018-10-05,289.69,290.27,286.22,287.82,105951698,105951698,-1.62,-0.56,287.8763,Oct 5,0.4077989970985117
2018-10-08,287.05,288.22,285.5,287.82,87742172,87742172,0,0,286.9766,Oct 8,0.4077989970985117
2018-10-09,287.39,288.86,286.77,287.4,74338982,74338982,-0.42,-0.146,287.6469,Oct 9,0.40574467294181166
2018-10-10,286.83,286.91,277.88,278.3,214731042,214731042,-9.1,-3.166,281.8735,Oct 10,0.36123431621331326
2018-10-11,277.08,278.9,270.36,272.17,274840491,274840491,-6.13,-2.203,274.7756,Oct 11,0.3312509660214786
2018-10-12,276.77,277.09,272.37,275.95,183186492,183186492,3.78,1.389,274.8002,Oct 12,0.3497398834317778
2018-10-15,275.55,277.04,274.3,274.4,102263717,102263717,-1.55,-0.562,275.468,Oct 15,0.3421584490439566
2018-10-16,276.6,280.82,276.07,280.4,118255834,118255834,6,2.187,278.7308,Oct 16,0.3715059369968128
2018-10-17,280.44,281.15,277.56,280.45,110625987,110625987,0.05,0.018,279.637,Oct 17,0.37175049939641996